type,amount,oldbalanceOrg,newbalanceOrig,oldbalanceDest,newbalanceDest,isFraud
3,9456.63,260536.6,251079.96,410295.89,419752.53,0
0,14911.15,175101.5,160190.34,196133.52,211044.67,0
3,17449.47,338736.71,321287.24,223775.93,241225.4,0
3,8729.74,379250.94,370521.2,365000.86,373730.6,0
0,968.87,7314.13,6345.26,178877.38,179846.25,0
0,3317.28,103621.15,100303.87,31950.47,35267.75,0
3,515.14,356617.93,356102.8,37167.3,37682.44,0
1,13099.93,193310.09,180210.15,57681.4,70781.33,0
3,6713.06,331241.97,324528.91,434840.66,441553.72,0
3,10895.32,173481.33,162586.01,236113.21,247008.54,0
3,9916.21,195377.58,185461.37,356441.18,366357.39,1
3,1722.38,79339.44,77617.06,196454.67,198177.04,0
0,8124.9,129115.51,120990.61,129355.47,137480.37,0
3,4489.17,302705.88,298216.71,173596.08,178085.25,0
1,8426.16,216581.56,208155.4,397091.17,405517.33,0
0,4151.21,387151.34,383000.13,312608.06,316759.27,0
1,16825.0,426292.48,409467.47,468819.89,485644.89,0
1,3566.45,270823.21,267256.76,339852.39,343418.84,0
1,19219.53,379133.65,359914.11,285090.82,304310.35,0
1,8376.56,153452.26,145075.7,305098.0,313474.56,0
0,16940.28,207485.61,190545.33,471185.72,488126.0,0
0,12612.42,356388.84,343776.42,394100.46,406712.88,0
1,14733.47,193106.0,178372.53,12020.62,26754.09,0
1,15377.71,294252.47,278874.76,267069.85,282447.55,0
0,10146.41,92686.39,82539.98,344169.21,354315.62,0
0,10911.68,299885.66,288973.98,374349.24,385260.92,0
0,10328.52,430756.85,420428.34,106571.06,116899.58,0
3,11802.36,434319.82,422517.46,433588.68,445391.04,0
3,684.95,362172.2,361487.25,477921.57,478606.52,0
3,7970.75,372876.69,364905.94,118357.65,126328.4,1
1,12163.16,278963.72,266800.57,441307.73,453470.88,0
3,11994.7,292334.05,280339.35,48489.38,60484.08,0
1,15879.83,66825.29,50945.46,27853.42,43733.24,0
1,13134.69,221929.59,208794.91,64611.9,77746.59,0
3,19843.45,225388.14,205544.69,28870.54,48713.99,0
1,5748.71,479248.92,473500.21,422506.12,428254.82,0
3,7247.11,215543.43,208296.33,29525.07,36772.18,0
3,7738.56,274671.32,266932.76,135832.1,143570.65,0
0,9369.67,266625.7,257256.02,51878.17,61247.85,0
3,16736.36,318380.86,301644.5,147711.02,164447.38,0
0,4792.26,374116.42,369324.15,45279.73,50072.0,0
3,15542.4,112520.94,96978.53,334001.63,349544.03,0
3,8165.67,264362.21,256196.54,66663.41,74829.08,0
0,12076.92,412958.85,400881.93,425922.96,437999.89,0
0,12687.56,231557.36,218869.8,408595.53,421283.08,0
3,7519.69,139228.77,131709.09,6830.84,14350.53,0
1,10301.04,327354.54,317053.5,447863.18,458164.22,0
0,8319.32,411883.7,403564.38,14472.16,22791.48,0
1,1475.74,31570.15,30094.4,119822.89,121298.63,0
1,8799.59,388395.24,379595.65,16194.57,24994.16,0
1,2038.13,410823.97,408785.84,167921.74,169959.87,0
0,8159.91,230761.46,222601.55,256933.26,265093.18,0
1,11899.08,491652.83,479753.75,398322.43,410221.51,0
0,11630.36,393354.17,381723.81,168990.78,180621.13,0
1,13286.16,386831.28,373545.12,352745.01,366031.18,0
3,1995.7,373919.29,371923.58,93752.23,95747.93,0
3,13077.25,75304.05,62226.8,375299.23,388376.48,0
0,6311.75,108615.44,102303.7,117998.3,124310.05,0
3,8041.01,231995.07,223954.05,71772.38,79813.39,0
3,17173.93,132002.17,114828.25,92704.43,109878.35,0
1,279.71,207620.49,207340.78,91031.56,91311.27,0
0,11809.41,444232.05,432422.64,256431.44,268240.85,0
1,12014.41,412163.45,400149.04,422398.79,434413.2,0
1,7993.53,315019.94,307026.41,39802.54,47796.07,0
1,4816.85,429060.2,424243.34,353478.16,358295.01,0
1,4770.01,391886.19,387116.18,327173.23,331943.24,0
1,17685.82,214492.47,196806.64,436259.98,453945.8,0
1,8896.29,100532.58,91636.29,122073.78,130970.07,0
1,6684.7,257100.52,250415.82,225054.93,231739.63,0
0,9030.67,368114.44,359083.77,462913.69,471944.36,0
3,13420.87,218209.8,204788.93,329996.73,343417.59,0
1,3000.56,333385.95,330385.4,194384.21,197384.76,0
1,9043.73,47163.71,38119.98,65706.19,74749.92,0
1,11798.9,374002.37,362203.47,131242.5,143041.4,0
1,18976.81,406356.81,387380.0,290607.74,309584.55,0
1,5125.3,353418.93,348293.63,359083.97,364209.28,0
1,7249.09,483631.79,476382.7,62210.94,69460.03,0
3,7649.24,413326.03,405676.79,299798.63,307447.87,0
3,12150.21,451546.86,439396.65,275175.64,287325.85,0
1,7198.97,466785.54,459586.57,256977.72,264176.69,0
3,10716.89,400674.0,389957.11,345061.56,355778.45,0
0,15657.63,337129.42,321471.79,418724.8,434382.43,0
1,14137.17,2859.29,0.0,161494.84,175632.01,0
0,8982.74,232912.88,223930.14,444506.1,453488.83,0
0,17297.9,285581.15,268283.25,80316.81,97614.71,0
1,11206.99,152015.14,140808.15,86511.93,97718.93,0
3,10844.13,159052.22,148208.1,133386.03,144230.16,0
0,780.34,480579.71,479799.37,59765.43,60545.77,0
1,19735.19,445855.43,426120.24,115159.61,134894.8,0
0,2547.12,424589.5,422042.38,53205.88,55753.0,0
0,4699.51,203005.9,198306.4,410876.21,415575.71,0
0,1128.77,6849.28,5720.51,69484.5,70613.26,0
0,12836.06,40111.12,27275.06,373648.78,386484.84,0
3,4571.55,156098.18,151526.63,23956.93,28528.49,0
0,3682.21,7871.46,4189.25,474260.16,477942.37,0
0,1862.26,8574.89,6712.63,355580.04,357442.3,0
0,2155.85,458301.65,456145.8,3398.27,5554.12,0
3,11734.95,353079.25,341344.3,381928.25,393663.2,0
0,13795.34,154478.0,140682.66,257040.96,270836.3,0
0,8007.84,66322.29,58314.45,389682.59,397690.43,0
3,9649.95,255817.86,246167.91,261248.4,270898.36,0
3,13750.76,2673.08,0.0,320512.43,334263.19,0
3,445.86,469206.87,468761.01,393165.83,393611.69,0
0,6530.3,207407.56,200877.26,202554.03,209084.33,0
3,19464.65,201167.48,181702.83,1354.07,20818.72,0
3,11644.23,195296.8,183652.57,424973.25,436617.48,0
0,5159.07,34664.17,29505.1,190445.18,195604.25,0
3,10482.43,319161.12,308678.69,248021.36,258503.79,0
0,6918.8,366501.81,359583.01,3883.32,10802.13,0
1,10691.68,338062.7,327371.02,246046.01,256737.68,0
3,2602.26,69217.75,66615.49,493243.7,495845.96,0
1,2741.02,289420.08,286679.06,139133.83,141874.85,0
0,2956.49,284742.24,281785.75,197709.14,200665.63,0
3,18802.41,434205.39,415402.98,343595.0,362397.41,0
0,14684.69,189563.83,174879.14,407396.83,422081.52,0
1,3331.4,185742.97,182411.57,208695.81,212027.21,0
0,3848.15,309263.53,305415.38,154834.44,158682.58,0
3,14643.51,316536.33,301892.82,468912.9,483556.41,0
3,3207.66,234642.61,231434.95,338572.48,341780.14,0
1,4767.77,221529.68,216761.91,59510.65,64278.42,0
0,19270.6,247073.84,227803.23,34463.94,53734.54,0
3,5180.6,430522.65,425342.05,241774.93,246955.53,0
1,13266.48,230583.45,217316.97,110045.03,123311.52,0
3,19574.76,469965.9,450391.13,126992.38,146567.14,0
3,7548.51,252001.88,244453.38,438846.09,446394.6,0
0,448.57,474600.35,474151.78,44783.01,45231.58,0
3,4958.53,416415.95,411457.42,357682.06,362640.59,0
0,16634.46,181215.66,164581.21,135571.13,152205.58,0
3,17305.72,431820.71,414514.99,380164.11,397469.83,0
1,15393.54,55031.64,39638.11,361205.69,376599.23,0
3,2350.89,462523.59,460172.7,3695.95,6046.84,0
0,15930.66,315821.76,299891.1,254567.71,270498.36,0
0,18381.69,27195.37,8813.69,69659.74,88041.43,1
1,12052.13,322128.36,310076.23,433113.52,445165.65,0
3,18823.42,487123.83,468300.41,435792.94,454616.36,0
3,16554.09,34900.33,18346.23,209172.9,225727.0,1
1,13372.73,277343.85,263971.12,222197.81,235570.54,0
3,11585.99,373897.17,362311.19,151641.47,163227.46,0
3,7036.62,405129.29,398092.68,358303.15,365339.77,0
0,3269.82,206913.73,203643.91,179330.68,182600.5,0
3,12138.58,102083.28,89944.7,133896.24,146034.82,0
3,6430.42,21171.14,14740.72,216115.53,222545.95,0
1,17342.13,289863.08,272520.95,45743.76,63085.89,0
1,19867.41,226455.54,206588.13,373301.6,393169.01,0
0,15073.31,474372.2,459298.89,6298.2,21371.51,0
3,1900.59,30302.45,28401.87,322242.53,324143.12,0
3,5844.84,342697.67,336852.83,91432.26,97277.11,0
3,2271.28,12483.11,10211.83,116202.02,118473.3,0
0,13045.18,85717.09,72671.91,317816.0,330861.18,0
0,15327.3,226789.5,211462.2,496471.73,511799.03,0
1,18520.93,227436.22,208915.29,388858.74,407379.67,0
0,8819.63,342850.27,334030.64,112919.82,121739.45,0
3,18037.38,455106.52,437069.14,88012.38,106049.75,0
3,17570.03,319516.08,301946.05,433116.44,450686.47,0
0,6412.19,476767.55,470355.35,222091.97,228504.17,0
3,17391.12,440807.82,423416.7,68526.4,85917.52,0
3,7575.88,292249.9,284674.02,431105.71,438681.59,0
0,6007.7,416895.98,410888.28,408046.18,414053.88,0
0,13016.59,321288.81,308272.22,491953.18,504969.77,0
3,6634.79,39278.92,32644.13,454871.84,461506.63,0
3,12641.15,370282.36,357641.21,425895.17,438536.32,0
3,12235.65,47454.22,35218.57,26287.2,38522.85,0
1,11312.43,297041.39,285728.96,52207.68,63520.12,0
1,7670.35,351320.1,343649.75,284491.6,292161.95,0
1,11015.14,33263.8,22248.66,265739.62,276754.77,0
0,11970.06,115397.33,103427.27,228981.61,240951.67,0
1,10959.17,457836.12,446876.95,198394.66,209353.83,0
0,8943.95,308157.25,299213.3,215605.24,224549.19,0
0,391.87,123143.01,122751.13,284648.97,285040.84,0
1,11782.53,345339.89,333557.36,1038.26,12820.79,0
1,3452.04,298388.21,294936.17,130354.39,133806.43,0
1,12887.26,250787.85,237900.59,259139.86,272027.12,0
3,15210.95,488093.49,472882.54,361108.05,376319.0,0
1,10058.86,341726.89,331668.03,87078.35,97137.21,0
3,10893.04,187720.55,176827.52,273440.59,284333.62,0
0,19034.42,400036.72,381002.29,357229.84,376264.27,0
3,16958.63,442291.65,425333.02,222313.83,239272.46,0
1,18293.31,62610.28,44316.97,13540.57,31833.87,0
0,16293.95,100276.49,83982.54,224634.08,240928.03,0
0,2267.48,108113.5,105846.03,148222.44,150489.92,0
0,3064.94,345605.9,342540.97,464824.8,467889.74,0
3,10579.81,301519.78,290939.96,62306.69,72886.51,0
1,4996.79,309495.78,304499.0,326237.98,331234.76,0
0,9586.24,470386.65,460800.41,26359.88,35946.12,0
0,7947.87,387955.77,380007.9,223085.22,231033.09,0
0,11033.34,63968.46,52935.12,276989.74,288023.09,0
3,14962.83,173753.54,158790.71,148977.47,163940.29,0
3,14338.27,217696.82,203358.55,227537.82,241876.09,0
1,10472.56,197980.79,187508.24,81776.9,92249.46,0
3,16465.63,334654.3,318188.68,152061.92,168527.55,0
0,8674.16,445946.55,437272.4,310553.16,319227.32,0
1,17944.61,153025.73,135081.12,150900.03,168844.64,0
0,1518.48,275938.57,274420.09,449871.54,451390.02,0
0,19097.73,394704.71,375606.98,314203.48,333301.21,0
3,13128.39,208109.03,194980.64,219324.51,232452.9,0
1,7663.48,84059.06,76395.58,19378.47,27041.95,0
3,4023.37,237475.48,233452.12,249774.17,253797.53,0
3,9635.75,27611.26,17975.51,382388.12,392023.87,0
1,3971.71,471191.73,467220.02,132778.8,136750.51,0
0,3410.0,37410.6,34000.6,403386.78,406796.78,0
0,12385.3,219228.36,206843.06,125903.38,138288.68,0
1,10509.39,264940.63,254431.24,411873.19,422382.58,0
0,13434.91,492651.92,479217.01,42634.17,56069.08,0
1,18599.16,83010.91,64411.75,433091.85,451691.01,0
1,10691.98,57215.76,46523.78,249593.23,260285.2,0
3,11660.55,4353.07,0.0,148268.79,159929.34,0
1,1883.56,77785.72,75902.15,132556.63,134440.19,0
3,14380.95,103636.49,89255.54,216005.28,230386.23,0
0,8058.11,315290.47,307232.36,499524.75,507582.86,0
0,19536.83,109853.4,90316.56,110163.7,129700.53,0
0,16481.16,10260.41,0.0,51608.32,68089.49,0
0,10497.37,413309.17,402811.8,292517.58,303014.96,0
3,2552.13,182797.85,180245.72,244271.23,246823.36,0
0,17202.37,176848.34,159645.97,262098.14,279300.51,0
1,16015.64,151239.51,135223.87,333467.71,349483.35,0
1,3773.24,487686.64,483913.39,133572.03,137345.28,0
1,5976.04,85057.71,79081.67,455332.5,461308.54,0
3,15888.8,449119.03,433230.23,217836.03,233724.84,0
0,3786.05,388401.67,384615.62,64543.1,68329.14,0
0,18363.27,38239.98,19876.7,371149.38,389512.65,0
0,8548.1,493364.55,484816.45,321552.18,330100.27,0
3,1832.08,135682.98,133850.91,157871.7,159703.78,0
1,16333.4,49291.46,32958.07,310759.36,327092.76,0
1,7532.84,414657.12,407124.27,109930.98,117463.82,0
0,10577.33,353337.77,342760.43,222419.68,232997.01,0
1,2334.86,308609.4,306274.55,449706.26,452041.12,0
1,151.42,77990.43,77839.01,66767.12,66918.54,0
3,12795.91,239248.06,226452.15,193348.22,206144.13,0
3,10351.99,390278.01,379926.03,410571.21,420923.2,0
3,11911.42,151811.97,139900.55,484745.45,496656.87,0
3,15895.5,155844.91,139949.41,226963.07,242858.57,0
0,12967.46,1570.45,0.0,253499.81,266467.27,0
3,3577.99,87121.7,83543.71,286085.98,289663.97,0
1,7279.37,437702.81,430423.44,466174.07,473453.44,0
0,18127.23,220873.25,202746.01,429103.4,447230.63,0
1,15421.9,492117.25,476695.35,85300.56,100722.46,0
1,11177.08,197853.98,186676.9,218378.91,229555.99,0
1,5187.34,357593.23,352405.89,232000.21,237187.55,0
3,6111.0,140959.52,134848.52,394548.06,400659.06,0
3,14665.97,181904.82,167238.86,301446.44,316112.41,0
0,17038.37,95362.99,78324.63,327110.23,344148.6,0
0,13461.35,173531.18,160069.83,499099.95,512561.3,0
3,16209.65,273618.76,257409.11,37480.02,53689.67,0
1,15356.46,495886.44,480529.98,111504.91,126861.37,0
0,3079.11,332100.86,329021.75,203947.97,207027.08,0
3,8536.5,99622.98,91086.48,173891.2,182427.7,0
3,3144.38,22480.72,19336.34,10822.78,13967.16,0
3,4781.19,63178.24,58397.05,45888.8,50669.99,0
1,17398.27,281277.6,263879.33,340476.65,357874.91,0
3,9510.55,382580.16,373069.61,439662.23,449172.78,0
3,10753.63,470209.6,459455.98,257113.51,267867.13,0
3,3651.07,7911.59,4260.51,269595.54,273246.61,0
3,6314.21,261380.07,255065.86,127546.72,133860.92,0
0,4681.9,235433.68,230751.78,383938.18,388620.08,0
0,4203.1,328027.51,323824.41,375897.29,380100.4,0
3,12795.42,279789.43,266994.01,294182.84,306978.26,0
1,5211.99,343519.58,338307.59,106332.14,111544.13,0
0,12677.11,329041.29,316364.18,48509.11,61186.22,0
3,1263.25,58505.86,57242.62,32119.29,33382.53,0
0,2921.31,399858.96,396937.65,296348.03,299269.34,0
0,5563.35,61616.29,56052.94,412517.66,418081.01,0
1,11981.23,349265.31,337284.08,429165.22,441146.45,0
3,13549.24,208072.68,194523.44,231811.04,245360.28,0
3,8910.07,256925.37,248015.3,392135.65,401045.72,0
1,8971.24,451649.01,442677.77,473440.1,482411.34,0
1,14517.89,444941.86,430423.98,137585.06,152102.94,0
3,414.84,408928.15,408513.31,198980.17,199395.01,0
3,6887.69,255074.19,248186.5,465739.5,472627.19,0
1,16392.27,368119.91,351727.63,169115.48,185507.75,0
0,12104.07,256448.53,244344.46,456938.15,469042.21,1
0,6810.82,434803.04,427992.22,490522.43,497333.25,0
1,18119.94,201387.92,183267.97,330905.36,349025.31,0
0,15475.19,485117.67,469642.48,408445.14,423920.34,0
1,5371.42,466161.38,460789.96,374772.78,380144.2,0
0,12941.27,370801.31,357860.04,349767.13,362708.4,0
0,11955.44,139707.94,127752.5,153465.54,165420.98,0
3,8083.64,65826.79,57743.15,28547.17,36630.81,0
3,7402.43,427351.73,419949.3,171525.87,178928.29,0
0,6936.85,82651.14,75714.29,333467.99,340404.85,0
0,12381.4,427130.39,414748.99,51264.6,63646.0,0
3,8903.96,245382.5,236478.55,5958.99,14862.95,0
3,16654.08,203278.39,186624.32,69846.19,86500.26,0
3,13425.09,451595.39,438170.3,357867.96,371293.06,0
1,1491.64,301925.49,300433.85,486396.85,487888.49,0
0,12839.35,288307.0,275467.66,491532.35,504371.7,0
3,5495.83,279382.97,273887.14,246989.57,252485.41,0
0,11896.96,185584.76,173687.8,434676.15,446573.11,0
1,13634.63,392821.55,379186.93,368413.23,382047.85,0
1,4693.5,126399.22,121705.72,250520.12,255213.62,0
3,9191.49,469447.48,460255.99,286380.27,295571.75,0
1,3887.46,446992.6,443105.14,68613.57,72501.04,0
0,1141.54,168740.16,167598.62,468830.73,469972.27,0
3,7631.68,364731.88,357100.2,175964.89,183596.57,0
0,7322.59,286611.6,279289.01,223074.63,230397.22,0
0,19910.06,168824.65,148914.59,335830.12,355740.18,0
1,8982.41,494260.82,485278.41,166951.24,175933.65,0
1,6738.03,12618.67,5880.64,127129.58,133867.61,0
1,11651.45,126323.02,114671.56,315524.7,327176.15,0
1,1866.47,260037.03,258170.56,12492.04,14358.51,0
1,19237.15,260976.5,241739.35,360362.56,379599.7,0
3,12735.7,294466.54,281730.83,257011.68,269747.39,0
0,15121.27,375838.09,360716.81,302876.87,317998.14,0
0,3492.51,311738.92,308246.4,315940.08,319432.59,0
0,8248.61,300140.73,291892.12,263525.08,271773.69,0
0,8511.51,26757.23,18245.72,291266.89,299778.4,0
1,16453.95,188265.14,171811.2,341894.1,358348.05,0
0,124.61,116027.87,115903.26,376559.42,376684.03,0
3,6086.98,132685.06,126598.08,363726.2,369813.17,0
3,19626.6,277168.74,257542.13,434808.23,454434.83,0
0,9550.24,99752.66,90202.42,94721.72,104271.96,0
0,7712.27,146974.55,139262.28,200573.98,208286.26,0
3,2484.6,118542.35,116057.76,473898.03,476382.63,0
3,19485.88,474251.47,454765.6,198295.29,217781.16,0
1,498.52,472332.87,471834.34,62435.04,62933.56,0
3,14769.89,304970.78,290200.89,262722.56,277492.45,0
1,15395.14,462261.23,446866.1,54745.49,70140.62,0
1,4948.77,392906.32,387957.55,101426.62,106375.39,0
1,13464.01,294973.94,281509.93,499159.38,512623.39,0
1,1949.29,3217.61,1268.32,270681.32,272630.61,0
1,5215.24,386258.14,381042.9,142029.19,147244.44,0
0,15779.25,351244.17,335464.92,497387.48,513166.73,0
3,17307.26,307626.83,290319.57,483279.46,500586.71,0
1,12208.88,380212.16,368003.28,220369.52,232578.4,0
3,10186.08,256461.08,246275.0,130201.55,140387.64,0
3,3270.15,352041.64,348771.49,419199.82,422469.97,0
1,1355.87,467586.04,466230.17,357810.36,359166.23,0
0,2441.22,187902.51,185461.29,343470.72,345911.93,0
1,4624.41,354060.92,349436.51,446556.87,451181.28,0
0,6899.32,237843.91,230944.59,344708.57,351607.89,0
3,7680.1,337199.83,329519.73,141898.97,149579.07,0
0,6991.8,381446.67,374454.86,346931.58,353923.38,0
0,4857.2,22726.25,17869.05,152906.76,157763.96,0
0,10243.51,323300.22,313056.71,379619.49,389863.0,0
3,16523.19,113370.59,96847.4,309873.93,326397.12,0
3,5666.1,335016.27,329350.17,38705.78,44371.88,0
0,18853.5,234165.09,215311.59,256417.68,275271.18,0
0,17479.4,386776.37,369296.97,171650.48,189129.88,0
1,3319.11,61700.41,58381.3,164285.32,167604.42,0
0,15746.89,313161.18,297414.28,301128.15,316875.04,0
1,11534.29,139235.36,127701.08,161162.41,172696.7,0
0,11374.85,426491.0,415116.15,388446.87,399821.72,0
1,7881.75,464191.75,456310.0,35395.72,43277.47,0
3,10072.94,498199.15,488126.2,330194.13,340267.07,0
0,8003.86,398003.7,389999.84,404597.4,412601.26,0
0,10840.68,376867.04,366026.36,336415.84,347256.52,0
0,12596.21,107750.38,95154.17,248614.6,261210.8,0
0,13518.65,168003.53,154484.88,475153.51,488672.15,0
1,10696.38,232841.27,222144.9,149969.24,160665.62,0
0,14456.3,386690.52,372234.22,9583.94,24040.24,0
3,2911.43,457482.93,454571.5,215994.69,218906.12,1
3,4318.45,94569.55,90251.1,16505.97,20824.42,0
0,16392.83,461183.74,444790.92,476968.38,493361.2,0
3,6518.31,347812.33,341294.02,104959.02,111477.33,0
0,555.59,305385.37,304829.78,394463.51,395019.1,0
0,3160.44,99920.64,96760.19,387286.04,390446.49,0
3,4549.93,27762.52,23212.59,108864.45,113414.38,0
0,19150.73,284232.45,265081.72,310613.27,329763.99,0
3,11503.52,325757.84,314254.32,24039.48,35543.01,0
1,18661.34,105390.72,86729.38,241787.29,260448.63,0
0,11545.75,278228.1,266682.35,7323.56,18869.31,0
1,9639.15,428246.7,418607.55,460571.94,470211.09,0
3,6343.18,417532.97,411189.79,488043.01,494386.19,0
1,12166.78,463677.59,451510.81,111141.38,123308.17,0
1,2870.04,182942.9,180072.86,104053.02,106923.06,0
3,17975.41,159024.79,141049.38,376860.09,394835.49,0
1,16603.71,374713.0,358109.29,126689.7,143293.41,0
1,6418.88,215556.2,209137.33,447538.28,453957.16,0
3,19060.67,43774.33,24713.66,286964.57,306025.24,0
1,16521.5,141400.57,124879.07,175388.81,191910.31,0
3,13359.51,209291.14,195931.64,416346.87,429706.38,0
1,2523.06,146258.21,143735.15,246703.35,249226.41,0
3,9616.86,166102.79,156485.93,455816.46,465433.31,0
3,10171.54,146887.95,136716.41,464007.12,474178.66,0
1,4727.77,20749.58,16021.81,82710.08,87437.85,0
1,1691.31,318547.35,316856.04,1161.7,2853.01,0
1,15556.8,298646.21,283089.41,491965.47,507522.27,0
0,2528.5,326691.75,324163.25,453068.77,455597.27,0
0,11926.39,96154.95,84228.56,27722.62,39649.0,0
0,18735.34,147827.27,129091.93,416517.13,435252.47,0
3,17534.49,309807.96,292273.47,228902.47,246436.96,0
1,5627.28,299813.78,294186.51,129480.8,135108.08,0
3,17043.83,253165.15,236121.33,439373.26,456417.09,0
0,106.62,175206.63,175100.01,98333.62,98440.23,0
1,451.99,456465.5,456013.51,473650.0,474101.99,0
3,12090.81,169885.12,157794.31,102810.74,114901.55,0
1,7359.48,227809.58,220450.09,306841.59,314201.08,0
3,7790.57,339056.92,331266.34,111543.17,119333.74,0
1,11332.38,271510.72,260178.34,272834.33,284166.71,0
0,3916.47,173442.99,169526.52,341987.56,345904.04,0
0,4313.93,217822.4,213508.46,95113.97,99427.9,0
1,9743.57,397240.41,387496.84,260442.89,270186.46,0
3,15109.65,139064.58,123954.93,234529.87,249639.52,0
0,12428.01,71127.62,58699.61,35518.71,47946.72,0
0,6017.37,156581.6,150564.24,409153.91,415171.27,0
0,8663.71,424767.11,416103.4,167841.2,176504.91,0
1,3496.23,44494.86,40998.63,287291.1,290787.33,0
1,1585.13,495848.04,494262.9,257392.12,258977.25,0
3,15675.65,270501.45,254825.8,256630.25,272305.9,0
3,5381.21,492422.87,487041.66,53611.2,58992.41,0
3,3637.55,469498.21,465860.66,211741.0,215378.56,0
1,13863.2,226406.86,212543.66,226183.38,240046.58,0
1,12399.23,99245.54,86846.31,366821.42,379220.65,0
3,12700.47,82442.39,69741.91,420009.42,432709.89,0
3,4655.0,119994.68,115339.68,272491.14,277146.14,0
1,4729.65,355066.32,350336.67,43391.48,48121.12,0
3,4493.97,136475.0,131981.03,118424.74,122918.71,0
0,3557.68,170712.63,167154.96,82467.01,86024.69,0
1,13148.9,224389.4,211240.5,62307.53,75456.43,0
3,16975.52,456616.34,439640.82,182949.65,199925.17,0
1,14513.92,94696.71,80182.79,114696.75,129210.67,0
0,15862.66,2513.28,0.0,109151.56,125014.22,0
1,8155.49,30048.21,21892.72,27346.59,35502.08,0
1,13116.11,452383.17,439267.06,8835.02,21951.13,0
1,7149.3,323758.23,316608.93,51384.12,58533.42,0
1,10557.54,136520.31,125962.77,86098.74,96656.28,0
0,9684.53,88596.25,78911.72,215491.86,225176.4,0
1,3620.05,147133.37,143513.31,255260.13,258880.18,0
1,7802.87,57398.46,49595.6,70295.96,78098.83,0
3,19280.06,470766.46,451486.39,212391.67,231671.73,0
1,5046.75,392103.09,387056.34,170874.42,175921.17,1
3,2762.69,231195.59,228432.89,91711.82,94474.52,0
0,8429.75,432481.3,424051.55,3420.37,11850.13,0
0,15827.72,124729.1,108901.38,233508.93,249336.65,0
0,11684.75,358560.28,346875.53,342825.87,354510.62,0
0,13651.4,428066.25,414414.85,113138.67,126790.07,0
3,3874.93,178384.36,174509.43,65903.41,69778.34,0
1,12417.07,378732.22,366315.15,443521.37,455938.44,0
0,6537.66,147536.17,140998.52,137512.39,144050.04,0
1,16702.64,149428.57,132725.93,111806.31,128508.95,0
3,12623.05,53528.59,40905.54,428548.47,441171.52,0
3,4057.24,220029.02,215971.78,408553.55,412610.79,0
3,1385.87,364855.95,363470.08,224173.24,225559.11,0
0,948.4,470110.4,469162.0,244619.43,245567.83,0
1,7491.03,301898.5,294407.47,108874.35,116365.38,0
1,5390.44,431567.77,426177.33,39150.84,44541.27,0
1,12957.19,411247.32,398290.13,286715.91,299673.11,0
3,10036.74,86671.53,76634.78,49172.46,59209.2,0
0,5393.78,242908.71,237514.93,224637.27,230031.06,0
3,3069.83,58461.77,55391.94,470248.6,473318.43,0
3,2631.28,341076.58,338445.31,476417.19,479048.47,0
1,17306.74,474949.83,457643.09,119666.14,136972.89,1
3,4945.21,68544.73,63599.52,312056.71,317001.92,0
1,13069.04,366941.57,353872.52,237038.13,250107.17,0
0,16232.65,316119.08,299886.43,437842.56,454075.21,0
1,12320.22,291802.52,279482.3,135715.43,148035.65,0
0,17205.35,195060.12,177854.77,1851.2,19056.55,0
1,7908.64,177565.82,169657.19,81280.6,89189.24,0
3,19128.82,22624.59,3495.77,174761.4,193890.22,0
3,2749.59,108954.35,106204.77,157860.56,160610.15,0
0,2132.78,7588.44,5455.67,395681.46,397814.24,0
0,13207.97,290708.55,277500.58,340280.33,353488.31,0
0,18862.34,52926.62,34064.28,149778.16,168640.5,0
1,16196.78,436509.7,420312.92,228871.91,245068.69,0
1,1620.7,261571.51,259950.81,47779.55,49400.25,0
0,5659.42,349844.95,344185.54,449073.22,454732.64,0
3,18613.35,205428.55,186815.2,467712.41,486325.76,0
1,5135.86,280289.9,275154.04,489901.77,495037.63,0
1,15645.29,471329.59,455684.3,434276.42,449921.71,0
1,16520.13,41367.02,24846.89,86980.44,103500.57,0
0,9959.5,126968.89,117009.39,23098.24,33057.74,0
0,7788.34,389994.16,382205.82,289798.36,297586.71,0
0,9057.48,49368.6,40311.13,456302.51,465359.99,0
0,4616.6,37830.55,33213.95,88675.68,93292.28,0
0,17798.88,180770.7,162971.82,3521.46,21320.34,0
3,9067.33,46083.98,37016.65,402748.02,411815.35,0
3,17660.94,292539.22,274878.28,38397.84,56058.79,0
0,2203.3,113137.63,110934.33,206853.02,209056.32,0
1,19766.68,447848.98,428082.3,339443.67,359210.35,0
0,8921.13,391750.04,382828.91,118398.79,127319.93,0
3,1051.83,349852.6,348800.77,41981.28,43033.12,0
3,856.63,308472.01,307615.38,385010.61,385867.25,0
1,14949.52,431732.87,416783.34,315087.54,330037.07,0
3,13214.81,111531.03,98316.22,494245.24,507460.05,0
0,16062.4,436554.42,420492.02,172154.02,188216.41,0
1,2196.81,394746.15,392549.34,30881.19,33078.01,0
0,807.86,374080.41,373272.55,367175.02,367982.88,0
0,10220.73,280627.84,270407.11,260866.71,271087.44,0
1,7813.15,123122.08,115308.94,106601.97,114415.11,0
0,9292.74,211773.96,202481.21,390864.49,400157.24,0
3,19832.61,396785.33,376952.72,101877.74,121710.35,0
0,19417.92,15889.24,0.0,130330.83,149748.75,0
1,18852.08,391025.38,372173.31,46264.28,65116.35,1
1,15698.47,120035.37,104336.9,199716.14,215414.61,0
1,7161.34,72154.6,64993.26,209464.61,216625.96,0
0,8301.41,57850.66,49549.25,257280.9,265582.3,0
1,11037.36,13625.01,2587.65,354482.13,365519.49,0
1,16627.64,261793.24,245165.61,453050.46,469678.1,0
0,1467.39,109129.94,107662.55,68867.05,70334.43,0
3,8543.51,494715.88,486172.37,27174.05,35717.56,0
0,1744.09,287218.38,285474.29,9265.62,11009.71,0
1,10341.69,68942.63,58600.95,71810.69,82152.38,0
1,17988.13,344381.27,326393.14,328974.74,346962.87,0
0,15671.45,448871.78,433200.33,363738.54,379409.99,0
3,4634.06,372589.75,367955.68,393252.86,397886.92,0
1,19522.22,38219.93,18697.71,121854.11,141376.32,0
1,13380.27,447942.09,434561.82,152947.41,166327.68,0
1,307.51,396964.69,396657.18,241567.32,241874.83,0
0,5182.73,79151.95,73969.22,31591.55,36774.28,0
1,5288.19,25892.94,20604.75,305570.76,310858.96,0
3,1478.16,278655.29,277177.13,491867.52,493345.68,0
1,19200.55,78017.91,58817.36,180403.16,199603.7,0
1,9617.28,417295.48,407678.2,376423.74,386041.02,0
3,17926.71,179167.33,161240.62,250016.96,267943.67,0
1,6512.09,456446.22,449934.13,63905.92,70418.01,0
0,2592.15,282844.09,280251.94,291118.72,293710.87,0
0,9539.29,91336.19,81796.9,149937.13,159476.42,0
0,2367.74,69799.43,67431.7,17201.6,19569.34,0
3,9771.71,288236.22,278464.51,317464.87,327236.57,0
1,18413.91,380941.81,362527.89,429466.17,447880.09,0
0,10463.29,390752.82,380289.54,172384.88,182848.17,0
3,12368.34,137878.7,125510.36,195147.77,207516.12,0
1,3217.1,102123.38,98906.27,445510.84,448727.95,0
3,970.34,8378.15,7407.81,406804.41,407774.75,0
0,2305.08,339599.58,337294.5,357476.41,359781.49,0
0,12010.78,38284.13,26273.35,124398.53,136409.31,0
0,1990.73,210380.6,208389.87,455108.33,457099.06,0
3,7582.26,300841.08,293258.82,77207.88,84790.14,0
3,11046.83,468554.47,457507.64,313385.26,324432.09,0
0,7834.19,155901.07,148066.88,14400.59,22234.78,0
3,3357.31,124886.08,121528.77,321859.9,325217.21,0
0,5548.45,327080.08,321531.63,138572.18,144120.62,0
0,18573.52,309619.52,291046.0,224838.49,243412.01,0
1,13552.05,166054.89,152502.84,172632.28,186184.32,0
3,9971.35,464050.92,454079.57,86378.38,96349.73,0
0,353.03,422431.16,422078.14,310990.4,311343.42,0
0,19849.07,111991.27,92142.21,440987.78,460836.84,0
3,13461.95,119571.27,106109.32,479542.12,493004.07,0
1,6406.76,256150.17,249743.42,96173.18,102579.94,0
1,17597.45,386786.05,369188.6,358686.39,376283.83,0
0,5242.79,22020.19,16777.4,332169.68,337412.47,0
3,10925.93,346667.58,335741.65,171688.89,182614.82,0
1,12757.81,324117.95,311360.14,9549.6,22307.41,0
3,4499.16,115740.05,111240.89,344895.62,349394.78,0
3,19570.11,340676.51,321106.4,472747.43,492317.54,0
0,14989.02,470091.6,455102.58,316060.06,331049.08,0
1,11200.48,23392.92,12192.44,217646.36,228846.85,0
0,3693.83,159826.03,156132.2,262576.95,266270.78,0
1,1171.78,219088.36,217916.58,99814.4,100986.18,0
1,6469.19,449630.18,443160.99,375272.08,381741.27,0
1,15088.43,481130.72,466042.3,373209.92,388298.34,0
1,5459.69,222057.62,216597.93,72758.65,78218.34,0
1,10837.17,375014.21,364177.04,438989.19,449826.36,0
3,14586.15,265830.51,251244.36,134594.87,149181.02,0
0,2248.08,268891.47,266643.39,491128.03,493376.11,1
3,13737.43,139049.76,125312.33,191451.51,205188.94,0
1,1928.23,108478.12,106549.89,88942.03,90870.26,0
0,19306.08,144002.67,124696.59,175860.06,195166.14,0
1,9819.04,278164.0,268344.96,220090.16,229909.21,0
0,3098.45,14577.59,11479.14,34653.89,37752.34,0
3,6913.43,453624.47,446711.04,289109.19,296022.62,0
0,8326.99,78141.85,69814.87,298816.22,307143.21,0
0,15187.88,110044.34,94856.46,369465.23,384653.11,0
0,14894.13,259138.09,244243.95,14584.95,29479.08,0
0,12277.62,355057.38,342779.77,270619.11,282896.72,0
0,2208.02,47864.53,45656.51,26453.72,28661.74,0
1,3116.23,158847.35,155731.12,350572.11,353688.34,0
0,1965.76,484337.3,482371.54,27863.99,29829.76,0
0,11585.74,131171.48,119585.75,455863.92,467449.66,0
3,17555.05,156525.07,138970.02,351041.28,368596.34,0
0,8732.63,418249.25,409516.62,253694.88,262427.51,0
3,3300.88,25107.22,21806.34,220751.96,224052.84,0
1,11205.04,232306.58,221101.54,65336.32,76541.36,0
0,16253.87,189808.38,173554.51,145499.69,161753.56,0
3,14860.07,158293.38,143433.31,434479.55,449339.62,0
3,17640.87,142849.8,125208.93,452226.41,469867.28,0
1,5630.25,45687.05,40056.8,373.85,6004.11,0
0,3959.68,157412.91,153453.23,297068.2,301027.88,0
0,17608.35,21526.2,3917.85,359650.3,377258.65,0
3,13185.45,390481.93,377296.48,309373.49,322558.94,0
0,6287.49,199113.9,192826.41,40839.88,47127.37,0
3,14872.73,221951.92,207079.19,108862.45,123735.18,0
0,16320.86,446797.29,430476.44,125170.13,141490.99,0
3,12338.07,329027.49,316689.42,415862.32,428200.38,1
0,13788.89,4029.55,0.0,231599.72,245388.61,0
1,7567.67,471587.41,464019.74,243414.11,250981.78,0
0,10820.04,118572.23,107752.19,467446.52,478266.57,0
0,10530.77,53807.09,43276.32,318542.94,329073.71,0
1,16976.15,384064.09,367087.94,449333.85,466310.0,0
0,16815.28,250238.66,233423.37,228254.43,245069.71,0
1,16670.34,216885.28,200214.94,74718.13,91388.47,0
0,319.53,124751.54,124432.01,464967.8,465287.33,0
3,15015.96,273735.74,258719.79,229352.56,244368.51,0
3,15197.66,137192.3,121994.64,90815.71,106013.37,0
0,13599.74,450791.5,437191.76,151197.87,164797.61,0
0,15149.67,107602.24,92452.57,25401.29,40550.96,0
0,16855.21,442177.58,425322.36,234150.3,251005.51,0
3,9459.35,279702.71,270243.36,426564.09,436023.44,0
0,10090.8,414244.07,404153.27,466790.23,476881.03,0
3,2581.81,356423.0,353841.19,466301.1,468882.91,0
1,7768.98,348347.56,340578.58,62615.01,70383.99,0
3,12902.97,162172.9,149269.94,191026.94,203929.91,0
3,15629.96,116948.47,101318.51,14114.38,29744.34,0
1,4422.46,105443.11,101020.65,427582.67,432005.13,0
3,2842.68,428595.83,425753.15,179377.88,182220.56,0
0,13294.54,410213.41,396918.87,315558.51,328853.05,0
0,137.41,220286.76,220149.35,357449.22,357586.63,0
3,3649.61,66202.31,62552.69,214922.33,218571.95,0
0,678.52,191126.13,190447.61,153221.17,153899.69,0
3,3421.01,309671.73,306250.71,481106.46,484527.47,0
0,3708.25,227201.58,223493.32,482244.11,485952.37,0
0,7814.7,390094.63,382279.93,144718.18,152532.89,0
3,8106.31,498811.41,490705.1,239812.55,247918.86,0
0,17497.82,95566.04,78068.22,486422.08,503919.9,0
3,10251.18,229825.41,219574.23,2434.2,12685.39,0
0,14495.75,215491.95,200996.2,206339.12,220834.88,0
0,2172.33,152246.27,150073.93,50228.77,52401.11,0
1,4586.23,99047.76,94461.53,254578.98,259165.21,0
1,14088.57,32846.06,18757.48,12334.98,26423.55,0
3,1150.8,443559.66,442408.86,203449.22,204600.01,0
1,9783.29,209924.35,200141.06,110349.54,120132.83,0
3,12027.44,248447.76,236420.32,266654.18,278681.62,0
1,12082.7,458471.02,446388.33,497996.82,510079.52,0
0,556.36,388145.24,387588.88,400268.05,400824.42,0
3,6509.95,65250.63,58740.68,422821.05,429331.0,1
3,12766.16,282709.98,269943.82,317632.49,330398.66,0
0,3065.09,221126.14,218061.04,20779.92,23845.02,0
3,13938.77,398605.54,384666.76,103398.84,117337.61,0
3,14943.91,362116.27,347172.36,462532.28,477476.19,0
1,19641.19,345202.86,325561.67,183056.56,202697.75,0
3,4275.86,170272.42,165996.56,51818.36,56094.22,0
0,16520.1,402481.87,385961.76,351202.68,367722.78,0
1,10453.9,26195.65,15741.75,149728.86,160182.76,0
1,7531.91,79812.45,72280.55,134428.46,141960.36,1
0,2535.3,167811.64,165276.34,498988.73,501524.03,0
0,14736.56,38403.72,23667.16,429069.46,443806.02,0
1,4793.57,117497.14,112703.57,203968.91,208762.48,0
3,7491.3,415075.49,407584.19,490130.6,497621.9,0
1,1344.59,474125.77,472781.18,325056.61,326401.2,0
0,16047.2,152301.18,136253.98,371011.23,387058.43,0
1,15355.11,132257.9,116902.79,15756.52,31111.63,0
0,14698.96,139946.33,125247.37,60802.63,75501.58,0
1,6058.93,138859.54,132800.62,316542.56,322601.49,0
3,3552.25,17965.09,14412.84,449511.99,453064.24,0
1,12787.31,463458.17,450670.86,311871.86,324659.17,1
1,9973.71,106849.07,96875.36,67012.45,76986.16,0
0,3647.22,210002.04,206354.81,57880.02,61527.25,0
0,13749.63,4843.44,0.0,422092.95,435842.58,0
0,19823.42,428977.55,409154.13,69651.17,89474.59,0
1,14969.67,365578.67,350609.0,260115.98,275085.65,1
3,14825.73,473378.02,458552.29,18556.66,33382.39,0
0,19011.22,390807.74,371796.52,40334.88,59346.11,0
0,4138.43,156853.26,152714.82,336174.13,340312.57,0
1,11354.44,123936.68,112582.24,344590.71,355945.15,0
0,19594.97,348858.15,329263.18,170734.7,190329.67,0
3,3389.35,182056.39,178667.03,107804.88,111194.24,0
3,14035.01,283107.51,269072.49,406855.14,420890.15,0
0,11757.62,3128.74,0.0,108551.61,120309.24,0
0,11770.93,30942.85,19171.92,271013.53,282784.47,0
1,13983.65,267683.97,253700.33,484104.42,498088.07,0
3,18599.38,283035.82,264436.45,73926.22,92525.6,0
3,15673.38,375726.47,360053.09,470438.13,486111.51,0
0,1217.11,65982.66,64765.55,91446.53,92663.63,0
1,17069.29,256591.54,239522.25,283721.6,300790.89,0
3,4588.27,97223.82,92635.55,188503.86,193092.13,0
3,7600.59,46598.06,38997.47,482464.3,490064.89,0
1,9288.48,205247.9,195959.41,136771.01,146059.5,0
1,9670.03,81668.32,71998.29,199829.0,209499.03,0
3,8760.09,110890.99,102130.9,491430.06,500190.15,0
3,18753.33,158777.29,140023.96,268235.2,286988.53,0
1,14149.78,129694.2,115544.42,251315.06,265464.84,0
3,12660.3,43795.65,31135.35,128889.24,141549.54,0
0,1091.86,44958.12,43866.27,350681.78,351773.64,0
0,18087.88,96624.71,78536.83,7186.48,25274.35,0
1,18196.86,25279.59,7082.73,24756.31,42953.18,0
1,15626.24,313228.51,297602.27,299679.29,315305.53,0
1,239.88,143663.36,143423.48,170837.29,171077.17,0
0,1239.88,139872.98,138633.11,476658.19,477898.06,0
3,4581.95,165999.15,161417.2,451595.35,456177.3,0
0,2713.85,331398.14,328684.28,356853.13,359566.98,0
3,8036.84,435316.94,427280.1,409072.79,417109.63,0
0,18460.2,379543.47,361083.27,333665.92,352126.12,0
3,9494.0,363764.62,354270.61,62791.05,72285.05,0
0,366.71,242195.59,241828.88,382771.68,383138.4,0
1,5726.64,346902.78,341176.14,105095.98,110822.62,0
0,987.44,276381.18,275393.75,161721.43,162708.87,0
3,822.12,108125.26,107303.14,409617.11,410439.23,0
0,5586.83,104294.18,98707.36,268262.8,273849.63,0
0,5584.69,148196.0,142611.32,429970.36,435555.04,0
0,15763.82,455401.34,439637.52,106517.66,122281.48,1
1,19499.21,273707.42,254208.21,303889.22,323388.43,0
0,7487.02,366952.69,359465.67,41895.49,49382.51,0
1,8634.85,173279.38,164644.53,321530.5,330165.35,0
1,16911.31,203857.89,186946.58,381267.02,398178.33,0
0,5435.97,62782.79,57346.82,292465.45,297901.41,0
0,3212.0,85647.48,82435.48,133115.75,136327.75,0
0,17076.48,413678.28,396601.79,15671.33,32747.82,0
3,1025.36,292419.32,291393.95,59724.44,60749.8,0
0,12432.02,168766.23,156334.21,311151.49,323583.51,0
1,11283.66,401425.6,390141.95,467210.11,478493.77,0
0,6983.82,123259.95,116276.14,103267.2,110251.02,0
3,6372.27,488016.35,481644.08,367513.07,373885.35,0
0,15459.97,172408.8,156948.84,433225.53,448685.5,0
3,1819.85,168655.48,166835.63,260441.09,262260.94,0
3,4812.01,155955.95,151143.95,334632.9,339444.91,0
0,14675.73,61055.76,46380.03,407507.66,422183.39,0
1,11011.58,55568.57,44556.99,130337.58,141349.16,0
3,2646.97,324052.52,321405.55,148447.84,151094.8,0
0,17654.5,437559.02,419904.52,313.76,17968.26,0
0,7929.61,395260.26,387330.64,481547.07,489476.68,0
1,16574.58,70553.8,53979.22,458772.45,475347.03,0
3,15775.49,272791.06,257015.57,382284.13,398059.62,0
3,12526.07,52795.77,40269.71,39538.01,52064.08,0
0,9940.17,22647.32,12707.15,223751.44,233691.62,0
0,19593.06,328192.93,308599.87,50945.88,70538.94,0
1,2984.8,267576.17,264591.36,7960.13,10944.94,0
1,14530.6,41011.84,26481.24,308091.48,322622.08,0
3,3904.69,17469.62,13564.93,480414.71,484319.4,0
3,6831.44,494878.21,488046.77,451434.01,458265.45,0
0,6243.1,15010.67,8767.56,348377.41,354620.51,0
3,18946.02,222264.13,203318.11,48320.29,67266.31,0
1,19350.39,252309.51,232959.12,137082.02,156432.41,0
1,3742.01,58640.07,54898.07,160028.36,163770.37,0
0,538.5,84530.89,83992.39,381575.03,382113.53,0
1,14428.16,175902.5,161474.34,401124.59,415552.75,0
1,8418.0,380837.94,372419.94,192553.06,200971.06,0
1,1867.92,253541.21,251673.29,208942.0,210809.92,0
1,13706.71,318950.94,305244.23,22254.52,35961.23,0
0,10947.6,492587.28,481639.68,144568.36,155515.96,0
0,19612.28,384002.72,364390.43,225642.59,245254.87,0
3,4625.45,217180.75,212555.3,58491.52,63116.97,0
1,8139.16,223220.96,215081.8,226633.73,234772.89,0
3,10896.66,309386.04,298489.38,426587.91,437484.57,0
0,15854.83,332682.6,316827.77,290660.51,306515.34,0
0,11021.89,250355.46,239333.57,39464.93,50486.82,0
0,12296.71,322430.61,310133.9,95835.66,108132.37,0
0,4600.33,11766.25,7165.92,237272.18,241872.5,0
0,16953.68,214811.43,197857.75,180743.57,197697.26,0
0,8629.75,139469.04,130839.29,179363.51,187993.26,0
0,2905.1,64587.22,61682.13,264633.72,267538.82,0
1,13317.34,49773.26,36455.92,292197.96,305515.3,0
3,4400.2,301596.08,297195.88,398430.79,402830.99,0
0,2041.49,261800.27,259758.78,170483.28,172524.78,0
1,17253.54,126792.06,109538.52,402733.14,419986.68,0
1,9257.23,235475.03,226217.8,169305.61,178562.84,0
3,15010.75,246116.16,231105.41,27716.49,42727.24,0
0,5882.69,97504.49,91621.8,277093.83,282976.52,0
3,15760.71,326046.53,310285.83,293951.16,309711.87,0
0,2327.52,390459.68,388132.15,467270.12,469597.65,0
1,7183.87,395731.77,388547.9,363030.66,370214.53,0
1,19563.43,301234.92,281671.49,458886.33,478449.76,0
1,15900.4,255819.29,239918.9,454173.61,470074.0,0
1,9995.39,30503.57,20508.18,302287.06,312282.45,0
3,6861.57,143915.65,137054.08,263881.03,270742.6,0
0,17455.5,46635.72,29180.22,278720.48,296175.98,0
0,10942.47,481911.58,470969.11,489165.4,500107.87,0
3,15192.66,67540.07,52347.42,386583.85,401776.5,0
0,15106.74,75887.7,60780.96,53132.95,68239.7,0
1,457.12,444788.31,444331.19,389214.2,389671.32,0
0,2612.45,471964.14,469351.69,85269.02,87881.47,0
1,13226.62,382914.52,369687.9,223675.27,236901.9,0
3,3316.23,2702.46,0.0,105229.84,108546.07,0
0,5184.32,673.14,0.0,344791.53,349975.85,0
3,18938.1,189050.38,170112.29,438654.87,457592.96,0
0,11247.63,71697.69,60450.06,145180.94,156428.57,0
1,15039.52,9193.07,0.0,41005.37,56044.89,0
3,11203.82,232033.34,220829.53,149246.55,160450.37,0
0,11095.02,471530.95,460435.93,336180.93,347275.95,0
1,1973.62,161909.79,159936.16,164380.06,166353.69,0
3,6938.9,330570.34,323631.44,139056.08,145994.98,0
3,5720.37,326117.68,320397.3,92217.6,97937.97,0
0,7875.49,125540.05,117664.56,248758.21,256633.71,0
0,15987.05,325212.62,309225.58,137974.41,153961.46,0
0,7501.46,106166.99,98665.53,365505.17,373006.63,0
1,9088.77,61003.71,51914.94,38311.2,47399.97,0
0,8007.89,350691.64,342683.75,332016.52,340024.41,0
3,1958.82,56720.41,54761.59,118780.01,120738.83,0
3,8877.34,498454.61,489577.27,244639.63,253516.97,0
0,3992.62,91726.2,87733.58,143044.96,147037.59,0
0,3815.79,297070.93,293255.14,361384.34,365200.13,0
3,1971.32,205687.29,203715.97,472653.52,474624.84,0
1,7197.75,63193.21,55995.46,458538.39,465736.14,0
0,15173.89,13921.95,0.0,291713.11,306887.0,0
0,5601.19,311366.14,305764.95,231305.15,236906.34,0
3,6315.75,403378.78,397063.03,409150.25,415466.0,0
0,12889.23,421007.83,408118.61,341663.18,354552.41,0
1,3997.23,241356.74,237359.5,91782.06,95779.29,0
3,17949.46,388727.73,370778.27,410459.61,428409.07,0
0,10451.79,336423.57,325971.78,214442.19,224893.99,0
3,9007.3,362127.26,353119.97,94492.83,103500.13,0
0,11200.62,246299.5,235098.88,140898.68,152099.3,0
0,3404.08,316705.87,313301.79,133763.52,137167.6,0
0,12308.12,402762.96,390454.84,259603.49,271911.6,0
1,7325.7,198942.09,191616.38,117185.05,124510.75,0
1,17954.01,402989.45,385035.44,61783.24,79737.25,0
3,3460.2,296008.42,292548.22,61845.43,65305.62,0
0,10190.32,82950.51,72760.2,291638.1,301828.42,0
0,12002.44,12342.08,339.64,367379.64,379382.09,0
1,764.33,181376.8,180612.47,160766.5,161530.84,0
0,7337.49,273348.16,266010.67,17325.35,24662.85,0
1,14679.44,419910.18,405230.73,63612.44,78291.88,0
0,16425.51,63742.84,47317.33,457347.28,473772.79,0
3,6331.92,400103.17,393771.25,246771.83,253103.75,0
0,15992.01,431504.52,415512.52,226786.4,242778.41,0
0,19358.34,75343.74,55985.4,19024.59,38382.93,0
1,17151.79,425797.16,408645.37,364318.51,381470.3,0
0,2441.12,495726.78,493285.67,264034.04,266475.16,0
0,14820.63,363419.42,348598.78,101040.47,115861.1,1
1,6461.37,392384.84,385923.47,55036.88,61498.25,0
3,19769.48,497207.63,477438.16,191693.93,211463.41,1
3,9758.64,302740.63,292981.98,418580.98,428339.63,0
1,2536.43,153943.19,151406.76,432647.28,435183.71,0
1,14531.19,418765.42,404234.22,301423.19,315954.38,0
1,6527.92,307242.89,300714.97,363768.21,370296.14,0
1,19941.86,290597.71,270655.86,57577.89,77519.75,0
1,19597.67,126817.78,107220.11,294063.03,313660.7,0
3,13157.07,378167.13,365010.07,333482.85,346639.92,0
3,2683.55,40833.64,38150.09,100356.42,103039.97,0
1,13768.53,462143.54,448375.0,440077.37,453845.9,0
0,1951.31,162911.73,160960.42,97498.37,99449.68,0
1,684.35,63887.33,63202.98,156738.68,157423.03,0
0,16476.87,221183.27,204706.39,310278.42,326755.3,0
1,4274.08,21234.95,16960.87,319175.03,323449.12,0
1,7642.64,342313.1,334670.46,349692.37,357335.01,0
3,19471.8,451352.76,431880.95,56005.86,75477.66,0
0,6803.13,418631.5,411828.38,424732.21,431535.34,0
0,6000.15,63684.74,57684.59,266423.57,272423.71,0
3,18372.34,63135.57,44763.23,235660.9,254033.24,0
3,2303.89,406717.24,404413.35,490548.81,492852.71,0
3,15215.69,462127.14,446911.45,370189.15,385404.84,0
3,19762.5,230334.91,210572.41,59003.01,78765.52,0
0,18035.79,249485.56,231449.77,378269.58,396305.37,0
0,13068.19,159131.02,146062.83,47624.47,60692.66,0
1,6349.81,447132.56,440782.75,13735.28,20085.09,0
1,5161.01,322451.45,317290.45,201812.95,206973.96,0
3,16403.18,144125.79,127722.61,496789.09,513192.26,0
3,17608.46,149391.44,131782.98,87441.97,105050.42,0
3,10556.15,445600.04,435043.88,336322.17,346878.33,0
1,4962.36,6817.01,1854.65,86698.03,91660.4,0
1,2347.57,161363.29,159015.72,362393.49,364741.06,0
1,1834.87,277178.34,275343.47,252676.83,254511.71,0
1,14409.64,74108.73,59699.09,339985.86,354395.5,0
1,8460.36,46049.38,37589.01,101436.59,109896.95,0
1,18116.66,407638.17,389521.5,372814.17,390930.83,0
1,14819.46,447202.19,432382.74,497809.53,512628.99,0
3,3906.08,411803.21,407897.13,332825.25,336731.33,0
3,12314.17,449393.94,437079.77,246740.0,259054.17,0
3,8766.56,276555.99,267789.43,461586.99,470353.55,0
3,11587.27,406129.06,394541.79,7925.92,19513.19,0
1,14787.58,192021.32,177233.74,364961.76,379749.34,0
0,16143.3,333133.93,316990.63,444373.26,460516.56,0
1,16890.37,494417.77,477527.39,30837.29,47727.66,0
0,5154.1,112863.86,107709.76,225032.09,230186.19,0
3,719.2,194949.87,194230.67,102359.73,103078.93,0
1,14811.97,240023.69,225211.72,283259.08,298071.05,0
3,2216.24,69007.74,66791.5,324771.48,326987.72,1
1,6366.9,40519.31,34152.41,151311.59,157678.49,0
3,175.96,414861.43,414685.47,229990.83,230166.8,0
0,13665.22,488397.19,474731.96,139669.74,153334.97,0
0,3425.93,202362.53,198936.6,184695.58,188121.51,0
0,13140.12,43824.92,30684.8,79769.98,92910.1,0
1,19835.68,32905.88,13070.2,442779.72,462615.4,0
0,1546.15,445659.1,444112.95,5005.21,6551.36,1
1,1633.85,231907.12,230273.27,441204.59,442838.45,0
0,6873.56,160013.66,153140.09,285839.44,292713.0,0
0,17341.09,238230.64,220889.54,165828.92,183170.01,0
1,4389.04,159152.05,154763.0,361528.56,365917.61,0
1,7271.52,244517.89,237246.37,253876.08,261147.59,0
0,1463.26,429778.2,428314.94,249554.33,251017.59,0
1,15286.79,296150.69,280863.9,55071.14,70357.93,0
0,8225.3,347326.89,339101.59,194758.01,202983.31,0
1,15209.05,182335.34,167126.29,120532.17,135741.22,1
3,18081.8,369252.94,351171.14,7847.95,25929.75,0
3,4731.99,333308.54,328576.56,180049.82,184781.8,0
3,16167.18,59781.0,43613.82,44911.06,61078.25,0
3,1275.97,286321.43,285045.46,128415.02,129690.99,0
3,17987.06,128371.75,110384.69,46258.31,64245.37,0
0,13050.29,402047.83,388997.54,50470.81,63521.11,0
3,17497.11,212968.85,195471.74,99505.65,117002.76,0
3,103.75,497342.08,497238.33,499924.62,500028.37,0
3,3464.71,46250.22,42785.51,1092.07,4556.78,0
3,7856.21,390173.93,382317.72,319336.32,327192.53,0
1,7652.11,336850.87,329198.76,70621.85,78273.96,0
0,4611.93,383749.42,379137.48,460314.07,464926.0,0
3,7694.08,153764.9,146070.82,46816.45,54510.52,0
3,2664.09,246027.24,243363.16,477531.59,480195.68,0
3,8313.95,398254.26,389940.31,305463.19,313777.14,0
0,16066.85,116270.67,100203.81,634.04,16700.89,0
1,9633.49,113016.6,103383.1,447003.6,456637.09,0
0,458.2,275525.48,275067.27,260855.9,261314.1,0
1,8486.74,261781.79,253295.05,131334.87,139821.6,0
3,640.78,141131.24,140490.45,383639.59,384280.37,0
3,19328.24,149037.83,129709.58,463332.78,482661.02,0
0,2636.33,138922.58,136286.25,241845.41,244481.75,0
0,14183.0,385756.03,371573.03,157776.74,171959.73,0
1,19458.25,325950.43,306492.18,394472.56,413930.81,0
1,16538.18,416208.59,399670.41,340892.75,357430.93,0
0,14016.38,487736.51,473720.14,444376.24,458392.62,1
1,16805.27,237082.15,220276.88,346257.01,363062.28,0
0,19637.79,33346.94,13709.15,121764.17,141401.96,0
1,12464.76,24046.16,11581.4,465829.62,478294.38,0
0,11227.78,147832.52,136604.74,52417.87,63645.65,0
0,12601.94,466272.29,453670.36,133971.38,146573.31,0
0,10700.25,261606.53,250906.28,260097.3,270797.55,0
1,12738.27,135893.26,123154.98,282871.01,295609.29,0
1,9051.86,199583.4,190531.54,7655.29,16707.15,0
1,4447.02,299297.55,294850.53,390286.36,394733.38,0
0,2492.92,326474.83,323981.91,180803.66,183296.58,0
1,1459.98,76959.75,75499.77,203209.27,204669.26,0
1,5339.98,488515.84,483175.85,404684.77,410024.76,0
0,1017.86,272386.11,271368.25,189641.7,190659.55,0
3,11386.7,67844.16,56457.46,23612.44,34999.14,0
0,5748.19,446817.63,441069.44,88219.89,93968.07,0
1,16508.24,37319.22,20810.97,477951.59,494459.83,0
0,1577.39,453867.72,452290.32,35202.68,36780.07,0
3,4604.39,498282.83,493678.43,177465.6,182070.0,0
0,14631.9,350215.9,335584.0,251589.58,266221.48,0
1,12016.29,385223.61,373207.33,246640.41,258656.7,0
3,1383.38,168651.42,167268.04,1979.97,3363.35,0
1,17557.07,470788.43,453231.36,250581.37,268138.43,0
3,17557.51,264856.98,247299.47,191886.23,209443.74,0
3,6675.12,366194.22,359519.1,486039.67,492714.79,0
0,6874.08,462053.86,455179.78,79579.54,86453.62,0
0,19781.66,487589.99,467808.32,177077.1,196858.76,0
1,12560.91,416602.18,404041.27,209740.74,222301.65,0
0,10673.2,151508.75,140835.55,195346.77,206019.97,0
0,16779.23,483273.76,466494.53,332915.41,349694.64,0
3,5777.28,314059.77,308282.49,107756.43,113533.71,0
0,8640.73,465321.24,456680.5,110535.78,119176.51,0
3,5428.76,338052.51,332623.76,364605.47,370034.23,0
3,15804.3,153619.48,137815.18,250145.26,265949.56,0
3,11509.65,185012.26,173502.61,207577.84,219087.49,0
1,13210.62,275235.89,262025.27,84601.53,97812.14,0
1,5120.91,395007.42,389886.51,93763.61,98884.53,0
1,4482.48,158991.28,154508.79,5275.82,9758.3,0
3,9818.66,289865.58,280046.93,45713.13,55531.79,0
1,14777.56,172812.5,158034.94,278419.35,293196.91,0
1,10552.27,407884.7,397332.43,445936.57,456488.84,0
0,749.65,233364.05,232614.4,143582.38,144332.03,0
1,17384.17,38361.41,20977.24,163873.61,181257.79,0
1,1387.27,83026.26,81638.99,57802.81,59190.07,0
3,19120.91,30552.33,11431.43,194315.47,213436.38,1
3,600.32,249651.47,249051.15,18610.85,19211.18,0
3,13919.56,53168.65,39249.08,458800.35,472719.91,0
3,1735.92,57069.98,55334.06,336555.67,338291.59,0
3,18222.46,470524.13,452301.67,495374.4,513596.87,0
3,9342.22,436327.54,426985.31,441411.58,450753.8,0
1,2836.72,226043.3,223206.58,236495.3,239332.02,0
3,6882.23,492902.66,486020.43,259842.52,266724.75,0
3,3380.01,93.26,0.0,95288.02,98668.03,0
0,3494.58,306989.73,303495.15,231019.67,234514.25,0
1,18967.36,308214.09,289246.73,451513.94,470481.29,0
1,8960.4,228721.53,219761.13,25426.71,34387.11,0
1,15797.17,198473.99,182676.82,431778.4,447575.57,0
3,12828.15,227691.57,214863.42,170473.9,183302.05,0
3,13560.88,207480.22,193919.33,449756.38,463317.27,0
3,2720.7,365246.24,362525.54,470439.95,473160.65,0
0,4760.27,67677.72,62917.45,335432.44,340192.71,0
3,15756.33,98819.61,83063.28,332211.89,347968.22,0
0,19418.25,90259.11,70840.87,226377.17,245795.42,0
1,5327.25,131235.29,125908.05,417770.11,423097.36,0
3,5504.22,262629.21,257124.99,480806.38,486310.6,0
0,9510.65,55604.37,46093.72,387540.9,397051.55,0
0,19678.42,434084.65,414406.23,310968.37,330646.79,0
3,5452.28,148680.77,143228.48,303396.45,308848.73,0
1,8198.74,81268.99,73070.25,424734.95,432933.69,0
1,17840.45,337810.65,319970.2,270601.88,288442.34,0
1,158.13,19043.15,18885.02,401929.94,402088.07,0
0,891.34,309984.28,309092.94,254442.63,255333.97,0
0,12121.03,349099.22,336978.19,31222.14,43343.16,0
0,18156.87,107458.27,89301.4,191973.5,210130.37,0
0,4853.25,20982.04,16128.79,222220.48,227073.73,0
1,9445.87,181822.68,172376.81,70808.62,80254.49,0
3,9064.26,49297.12,40232.86,51248.16,60312.42,0
0,9512.13,58238.92,48726.8,267732.47,277244.6,0
0,12488.14,127130.62,114642.47,42571.82,55059.96,0
1,9447.9,147733.96,138286.06,151472.58,160920.48,0
3,9004.62,264985.17,255980.55,372298.49,381303.1,0
3,9538.34,339195.94,329657.6,482216.09,491754.43,0
1,11858.26,296385.47,284527.21,358935.29,370793.55,0
1,10786.45,74180.17,63393.72,496312.77,507099.22,0
3,17097.31,86043.02,68945.71,349168.99,366266.29,0
0,1084.99,439384.62,438299.64,146897.24,147982.22,0
3,16683.01,279176.16,262493.15,336026.27,352709.28,0
1,16894.1,434968.92,418074.82,351078.38,367972.48,0
0,5769.67,185773.26,180003.59,185863.49,191633.16,0
0,9310.75,307200.0,297889.25,8856.93,18167.68,0
1,8826.92,261831.71,253004.79,351599.89,360426.81,0
1,4448.35,159561.74,155113.4,10850.05,15298.39,0
1,7996.26,234957.69,226961.43,315594.04,323590.3,0
3,983.32,251245.44,250262.12,81808.24,82791.56,0
3,5628.66,100385.49,94756.83,282801.76,288430.42,0
0,16351.98,157505.19,141153.21,251956.51,268308.49,0
1,5762.79,395704.88,389942.09,6756.82,12519.61,1
0,16382.31,457894.12,441511.81,181432.91,197815.22,0
0,10678.83,179897.05,169218.22,300545.58,311224.41,0
0,17609.27,153486.14,135876.87,424303.28,441912.54,0
0,11538.11,97598.58,86060.47,444321.06,455859.17,1
1,690.4,339245.58,338555.19,241924.99,242615.38,0
0,13540.86,161549.85,148008.99,364211.24,377752.11,0
1,992.59,493874.77,492882.18,158227.29,159219.87,0
1,9066.88,162842.4,153775.52,171093.2,180160.08,0
3,18595.59,197068.02,178472.43,97231.76,115827.35,0
1,3387.56,301667.1,298279.54,280974.05,284361.61,0
3,7858.46,400842.15,392983.69,157282.08,165140.54,0
1,14624.22,234759.33,220135.11,42185.45,56809.67,0
1,17656.95,211328.02,193671.07,342503.04,360159.99,0
1,13451.77,497818.92,484367.15,353876.6,367328.37,0
3,5237.65,5246.82,9.17,179996.21,185233.86,0
3,13524.7,447532.64,434007.95,38361.7,51886.4,0
0,6004.88,74570.41,68565.53,213148.86,219153.74,0
3,14396.74,392962.64,378565.9,221167.73,235564.47,0
3,19085.26,308965.78,289880.52,334335.44,353420.7,0
3,14455.73,170923.64,156467.91,157708.2,172163.93,0
3,17271.32,436937.48,419666.16,341299.64,358570.96,0
0,141.87,6453.61,6311.75,435744.27,435886.14,0
3,14379.69,113345.33,98965.64,118743.02,133122.71,0
1,16608.79,283446.4,266837.61,489459.78,506068.57,0
1,907.12,175771.13,174864.01,193184.07,194091.19,0
3,17444.79,305188.75,287743.95,133629.34,151074.14,0
3,5208.22,12055.1,6846.88,210755.59,215963.81,0
1,13339.31,58229.47,44890.15,47198.74,60538.05,0
1,16027.06,63548.12,47521.06,62852.95,78880.02,0
0,13287.02,94641.82,81354.8,207217.02,220504.05,0
1,1936.47,229665.72,227729.25,381222.26,383158.73,0
1,11966.8,376064.35,364097.55,450156.12,462122.92,0
3,11036.71,452769.42,441732.7,332409.0,343445.71,0
1,18016.39,417686.27,399669.87,52609.78,70626.17,0
0,8144.37,98443.94,90299.57,336009.88,344154.25,0
1,6489.51,220575.28,214085.76,317713.96,324203.47,0
3,15022.03,99705.8,84683.77,402881.96,417903.99,0
3,8312.24,132235.91,123923.67,412624.33,420936.57,0
1,12957.31,251773.49,238816.18,434101.54,447058.85,0
3,12964.36,34054.51,21090.16,207065.76,220030.11,0
0,17771.98,109087.16,91315.19,348932.2,366704.18,0
0,12013.98,467689.08,455675.1,134125.18,146139.16,0
1,10092.86,233058.15,222965.29,499668.14,509761.0,0
1,2863.54,222693.26,219829.72,87667.12,90530.66,0
1,2403.18,7283.58,4880.4,5057.22,7460.39,0
3,3171.0,123699.87,120528.87,74404.36,77575.36,0
0,3519.78,433146.22,429626.43,387936.14,391455.93,0
0,12793.75,82314.21,69520.46,223391.84,236185.59,0
3,14845.53,207562.47,192716.94,223750.12,238595.65,0
0,10646.83,7165.45,0.0,477511.46,488158.29,0
1,16597.45,239167.74,222570.29,459817.45,476414.91,0
1,19826.14,10510.55,0.0,155597.37,175423.51,0
1,16418.25,409804.78,393386.53,104529.06,120947.32,1
0,13928.16,412426.88,398498.72,424241.1,438169.26,0
1,10696.6,393871.09,383174.49,453009.54,463706.14,0
3,9032.18,141682.03,132649.86,270798.46,279830.64,0
3,1779.41,418618.61,416839.2,314711.86,316491.26,0
0,8047.44,271499.07,263451.63,128457.14,136504.58,0
3,18211.68,186904.05,168692.38,400401.34,418613.02,0
3,16179.65,312664.98,296485.33,316061.21,332240.86,0
0,4399.42,6170.52,1771.1,251756.76,256156.18,0
1,9385.49,71480.44,62094.94,30054.28,39439.77,0
1,16352.79,371146.77,354793.98,457967.48,474320.27,0
1,1440.95,122080.8,120639.85,307725.71,309166.66,0
0,7809.11,299004.56,291195.45,96345.55,104154.66,0
3,17051.64,192551.3,175499.66,303193.06,320244.7,0
1,8137.57,427402.89,419265.32,338731.68,346869.24,0
1,1644.53,476207.65,474563.12,262885.17,264529.7,0
0,10896.43,441782.36,430885.93,359050.87,369947.3,0
1,17248.68,135310.0,118061.32,290726.97,307975.65,0
0,11846.68,97081.43,85234.75,473884.79,485731.47,0
3,4602.95,237217.45,232614.49,26848.54,31451.49,0
0,7746.37,3667.08,0.0,53122.85,60869.22,0
0,9057.45,12904.7,3847.24,86835.82,95893.27,0
0,11627.4,276645.32,265017.92,345085.54,356712.94,0
0,15211.09,260224.7,245013.62,322797.94,338009.02,0
3,2067.58,497290.99,495223.41,446029.43,448097.02,0
3,17804.08,100920.92,83116.84,366438.73,384242.8,0
1,344.96,129051.96,128707.0,254177.74,254522.71,0
3,7464.04,56770.32,49306.28,495915.9,503379.94,0
3,645.66,458771.5,458125.84,133053.98,133699.64,0
1,7920.19,388905.62,380985.44,416595.83,424516.02,0
3,10563.67,411169.56,400605.89,213395.19,223958.86,0
0,10282.46,451381.89,441099.43,324367.57,334650.03,0
0,3396.0,262449.99,259053.99,363634.24,367030.24,0
1,12950.24,225596.6,212646.36,316877.04,329827.28,0
1,991.09,165195.74,164204.65,70253.65,71244.74,0
1,15261.95,294607.31,279345.36,221475.51,236737.45,0
0,18938.22,227139.2,208200.97,280719.19,299657.41,0
3,6861.4,225782.79,218921.39,424521.88,431383.28,0
0,10393.06,468463.93,458070.87,221822.87,232215.94,0
1,7640.31,492015.76,484375.44,459373.65,467013.97,0
3,233.54,398242.19,398008.66,220187.11,220420.65,0
3,7778.9,378379.05,370600.14,274389.93,282168.83,0
0,15855.23,340279.08,324423.85,398142.84,413998.07,0
1,11960.18,83037.43,71077.25,291533.84,303494.02,0
0,2115.07,29552.91,27437.84,480109.04,482224.11,0
3,16958.08,345363.16,328405.08,330167.92,347125.99,0
0,10668.6,364393.11,353724.51,261354.73,272023.33,0
0,16850.29,23486.5,6636.2,11795.98,28646.28,0
1,11646.41,464025.88,452379.47,206866.45,218512.86,0
1,11237.8,45570.32,34332.52,149624.21,160862.01,0
3,2194.66,142950.27,140755.61,374052.83,376247.49,0
0,3430.46,336194.91,332764.45,104138.84,107569.3,0
0,19443.3,84936.3,65492.99,102610.04,122053.35,1
0,4646.89,27707.94,23061.06,94759.52,99406.41,0
3,19551.3,165573.24,146021.95,62807.81,82359.1,0
3,10685.06,382985.79,372300.72,155503.5,166188.56,0
1,2802.2,206839.34,204037.14,442961.06,445763.26,0
1,2076.11,326486.46,324410.35,387464.24,389540.35,0
1,4256.4,289809.55,285553.15,367625.61,371882.0,0
0,18520.18,11109.24,0.0,398668.4,417188.59,0
0,8341.59,494269.99,485928.4,134708.94,143050.53,0
1,7969.14,20714.04,12744.9,443720.85,451689.99,0
0,6332.8,483901.37,477568.56,68651.69,74984.49,0
1,3026.53,274932.09,271905.56,168172.86,171199.39,0
3,9808.24,481579.51,471771.27,293374.06,303182.3,0
1,2687.95,57376.8,54688.85,51452.54,54140.5,0
3,16726.06,245204.26,228478.2,365065.09,381791.15,0
0,7470.9,84752.05,77281.15,193623.02,201093.92,0
1,7558.59,25487.44,17928.85,392202.83,399761.42,0
0,9532.73,308764.56,299231.83,246448.14,255980.87,0
3,8938.14,103891.71,94953.57,90437.26,99375.4,0
3,19897.67,293848.51,273950.84,367380.91,387278.58,0
3,10953.08,56182.24,45229.16,126071.98,137025.06,0
0,1855.21,165993.24,164138.02,245405.15,247260.36,0
0,12176.86,390816.28,378639.42,37766.63,49943.49,0
0,3116.53,218525.76,215409.23,308933.33,312049.85,0
0,715.66,313872.71,313157.05,332928.88,333644.54,0
3,19417.77,323728.97,304311.2,189337.1,208754.87,0
3,15493.42,421877.52,406384.1,477211.39,492704.81,0
1,19604.17,162461.4,142857.23,437084.46,456688.63,0
1,9609.78,343647.78,334038.0,353970.46,363580.24,0
0,10691.92,480807.9,470115.98,356826.04,367517.96,0
3,3449.91,365121.67,361671.76,126200.86,129650.76,0
3,5013.46,244935.24,239921.78,328407.62,333421.07,0
3,16787.13,315358.72,298571.59,99103.13,115890.26,0
1,7188.09,369841.45,362653.35,72001.61,79189.71,0
1,16553.62,306137.88,289584.26,499733.95,516287.57,0
3,14209.37,8337.91,0.0,311187.97,325397.34,1
3,3625.7,97386.75,93761.05,215493.94,219119.64,0
3,10198.18,405234.11,395035.93,144082.26,154280.44,0
1,13580.01,136325.32,122745.32,301960.22,315540.23,0
3,4777.24,365781.06,361003.82,24796.75,29573.99,0
3,16630.7,186060.11,169429.41,47340.5,63971.2,0
0,10942.07,260942.16,250000.09,16428.35,27370.42,0
0,3388.32,33986.65,30598.33,249584.92,252973.23,0
1,11701.39,90612.78,78911.39,300303.31,312004.7,0
3,19994.3,478598.48,458604.18,31239.88,51234.19,0
3,3095.38,445069.03,441973.65,360612.23,363707.61,0
0,16353.46,326137.56,309784.09,115197.54,131551.0,0
1,4225.45,229822.3,225596.85,342600.73,346826.18,0
0,15669.53,337880.65,322211.12,490948.57,506618.1,0
0,14718.1,309305.14,294587.04,345552.94,360271.04,0
0,6079.74,284276.13,278196.39,441596.53,447676.27,0
0,6583.88,29588.54,23004.66,474099.25,480683.13,0
3,15871.18,316401.31,300530.13,243375.52,259246.7,0
3,9282.77,384460.02,375177.26,351162.49,360445.26,0
0,14643.28,497040.83,482397.55,425984.63,440627.91,0
1,3044.88,5539.28,2494.39,178304.46,181349.34,0
1,17065.9,365086.73,348020.83,130698.66,147764.56,0
1,14246.61,285894.66,271648.05,473299.29,487545.89,0
1,18148.16,217026.09,198877.93,363151.75,381299.91,0
0,2734.21,63785.09,61050.88,109841.07,112575.28,0
3,11900.99,204542.57,192641.59,224541.7,236442.68,0
1,12022.5,177188.59,165166.09,398225.88,410248.38,0
0,7133.87,151414.94,144281.08,273531.5,280665.36,0
1,9223.48,365439.81,356216.33,324976.05,334199.53,0
1,855.83,350362.76,349506.93,376884.1,377739.93,0
0,14942.61,294510.05,279567.43,311004.59,325947.21,0
3,11031.52,469332.41,458300.89,270039.66,281071.18,0
3,1249.05,174927.19,173678.15,374807.14,376056.19,0
0,13647.04,121900.97,108253.93,363781.52,377428.56,0
3,9388.96,327951.66,318562.69,314936.2,324325.16,0
0,785.78,99407.03,98621.25,179894.71,180680.49,0
0,19395.19,157505.25,138110.06,202906.05,222301.24,0
0,18987.33,112301.22,93313.89,485219.27,504206.61,0
3,10306.76,34576.78,24270.03,56192.97,66499.72,0
0,1964.08,413749.37,411785.29,134252.46,136216.54,0
1,15116.96,127270.27,112153.31,246200.88,261317.84,0
3,9889.43,236513.75,226624.32,418364.84,428254.27,0
3,6118.7,21657.64,15538.93,81837.83,87956.54,0
3,9879.22,349669.73,339790.51,138477.31,148356.53,0
3,10496.64,165280.5,154783.86,32899.11,43395.75,0
1,11297.96,372368.36,361070.4,352992.63,364290.6,0
3,8880.35,206201.53,197321.18,119104.72,127985.07,0
3,12154.53,97877.8,85723.27,194337.38,206491.91,0
0,18382.82,256587.54,238204.72,221850.72,240233.54,0
3,7309.13,65252.28,57943.14,445656.97,452966.1,0
1,14541.76,220269.58,205727.82,205665.15,220206.9,0
1,17899.61,158652.74,140753.13,72612.51,90512.12,0
1,9173.99,455979.79,446805.8,262157.47,271331.46,0
1,8924.77,30464.36,21539.59,481479.0,490403.77,0
3,12082.13,347008.71,334926.58,303842.82,315924.95,0
3,11868.99,91375.58,79506.59,491693.61,503562.6,0
1,16151.13,159522.54,143371.41,420553.65,436704.78,0
1,9582.02,207757.03,198175.01,17982.88,27564.9,0
3,19922.85,454007.54,434084.7,329199.8,349122.64,0
1,1283.48,121289.13,120005.65,143383.44,144666.92,0
0,163.04,45654.4,45491.36,279808.43,279971.47,0
1,12839.95,159344.8,146504.86,139672.6,152512.54,0
1,6038.85,52337.99,46299.13,174435.21,180474.06,0
0,4883.61,64298.24,59414.63,461584.36,466467.97,0
0,6306.79,286925.3,280618.51,103321.59,109628.38,0
3,5195.35,30450.97,25255.62,437054.56,442249.91,0
3,712.72,15465.44,14752.72,15228.9,15941.63,0
0,19433.51,357207.05,337773.54,45438.27,64871.78,0
0,4492.84,180823.55,176330.71,427337.52,431830.36,0
3,14707.19,62687.67,47980.48,315278.02,329985.21,0
1,15275.67,126806.39,111530.72,373618.07,388893.74,0
0,18592.22,321043.25,302451.03,104708.84,123301.06,0
3,707.93,137768.28,137060.35,268541.73,269249.66,0
1,17453.76,247260.56,229806.8,368609.61,386063.37,0
0,10591.8,60847.65,50255.85,313657.07,324248.87,0
1,12687.63,294046.82,281359.19,235849.38,248537.01,0
3,12924.96,158038.84,145113.88,479891.89,492816.85,0
0,16413.98,313484.22,297070.24,338078.67,354492.64,0
1,6734.81,404197.44,397462.64,453875.4,460610.21,0
0,14687.72,305823.21,291135.49,364885.26,379572.97,0
1,10618.7,147873.78,137255.08,367731.76,378350.47,0
3,15888.54,127871.85,111983.31,40009.13,55897.68,0
3,19811.87,163710.48,143898.61,179732.31,199544.18,0
0,4092.96,82310.26,78217.3,429184.7,433277.66,0
1,19893.51,90585.93,70692.42,116301.93,136195.44,0
0,1887.26,395345.55,393458.29,57752.93,59640.19,0
0,146.12,192366.29,192220.17,163053.03,163199.15,0
1,978.82,217997.59,217018.77,110218.94,111197.76,0
1,6901.47,297024.73,290123.26,462644.1,469545.57,0
1,12694.84,294826.75,282131.91,433983.32,446678.16,0
3,1473.69,33688.44,32214.75,249841.62,251315.3,0
0,212.75,415770.39,415557.64,30671.94,30884.69,0
0,18748.11,88663.28,69915.17,357281.17,376029.28,0
3,16456.34,361535.82,345079.48,311705.87,328162.21,0
1,16202.75,386335.49,370132.75,485277.34,501480.08,0
3,17700.04,357449.77,339749.72,279476.62,297176.66,0
3,14030.68,289488.82,275458.14,168196.86,182227.54,0
3,2177.64,7304.5,5126.86,259510.85,261688.49,0
0,8042.09,180187.75,172145.65,489631.65,497673.74,0
3,14490.67,302419.71,287929.04,348181.22,362671.89,0
0,5678.66,193725.65,188046.99,335988.07,341666.72,0
0,13779.39,431739.95,417960.56,120340.79,134120.18,0
0,587.52,154401.14,153813.62,371801.26,372388.78,0
1,6192.13,146767.4,140575.26,375135.91,381328.05,0
0,11027.69,132998.85,121971.15,158644.49,169672.19,0
0,12678.59,166390.43,153711.85,241856.92,254535.5,0
1,11583.11,278702.48,267119.37,147301.67,158884.78,0
0,13985.35,353507.65,339522.3,129352.54,143337.89,0
3,221.17,331283.96,331062.79,12948.04,13169.2,1
3,2108.73,403858.91,401750.18,142605.87,144714.6,0
0,17391.99,442957.0,425565.01,276984.97,294376.97,0
1,13666.8,408039.52,394372.72,800.59,14467.39,0
3,2347.34,9472.7,7125.36,141609.54,143956.88,0
1,16857.28,367958.98,351101.7,440705.17,457562.45,0
1,4920.4,104199.79,99279.39,296824.29,301744.69,0
3,9617.37,66464.02,56846.65,303931.41,313548.78,0
1,2989.41,319244.39,316254.98,201682.15,204671.56,0
3,14231.19,159871.6,145640.41,338236.07,352467.26,0
1,13370.4,28558.58,15188.18,94966.38,108336.79,0
3,4301.14,68814.87,64513.73,409373.41,413674.54,0
0,17281.68,464.71,0.0,58344.56,75626.24,0
3,8085.99,451611.81,443525.82,328000.68,336086.67,0
3,5921.05,12308.99,6387.94,170574.66,176495.71,0
3,3131.36,104727.88,101596.53,373756.49,376887.84,0
3,5396.74,208131.39,202734.65,274882.28,280279.02,0
1,538.34,178285.66,177747.33,226176.52,226714.85,0
0,11706.82,455862.94,444156.11,84711.2,96418.03,0
3,16860.39,20144.47,3284.08,318410.73,335271.12,0
1,11024.71,256107.35,245082.64,487384.92,498409.63,1
0,4463.55,340239.73,335776.18,412801.71,417265.26,0
0,770.02,465848.99,465078.97,30004.1,30774.11,0
0,4371.1,310185.63,305814.53,188114.69,192485.79,0
0,8380.82,401877.62,393496.8,462791.5,471172.32,0
3,15216.27,41862.47,26646.2,251521.87,266738.14,0
3,3838.07,192969.76,189131.68,331055.91,334893.99,0
1,14423.85,186973.57,172549.72,456299.67,470723.52,0
1,17351.98,443144.11,425792.13,436897.35,454249.32,0
1,9133.54,75685.59,66552.04,250910.19,260043.73,0
0,16446.5,75943.09,59496.59,218823.15,235269.65,0
0,11137.68,164279.07,153141.39,169846.31,180983.99,0
3,12778.11,27233.02,14454.92,359509.72,372287.83,0
0,10572.94,91229.02,80656.08,143493.4,154066.34,0
0,9317.14,482604.82,473287.68,124943.8,134260.94,0
0,4769.6,214091.97,209322.37,178124.95,182894.55,0
1,6133.56,316009.6,309876.04,88607.53,94741.09,0
1,5870.41,363055.63,357185.22,347559.91,353430.31,0
3,11309.45,183480.7,172171.25,308120.32,319429.77,0
0,2487.08,73613.54,71126.46,241439.27,243926.35,0
0,18344.15,103290.51,84946.35,195162.89,213507.04,0
3,14441.04,156633.24,142192.2,454531.27,468972.31,0
0,8088.77,318034.21,309945.44,14561.89,22650.66,0
0,3256.62,199140.27,195883.65,384553.87,387810.49,0
1,17651.64,3407.35,0.0,450954.79,468606.43,0
3,16493.18,261703.59,245210.41,223177.29,239670.47,0
3,14462.26,460756.7,446294.44,275345.25,289807.5,0
3,5503.79,406038.81,400535.02,472231.84,477735.63,0
3,8108.69,412605.69,404497.0,106138.76,114247.45,0
1,2144.69,397529.01,395384.32,260067.42,262212.11,0
1,3861.89,161865.41,158003.53,237360.56,241222.45,0
0,15682.03,382596.92,366914.89,129196.32,144878.36,0
0,14329.27,71580.68,57251.41,409296.62,423625.89,0
0,11910.37,328858.07,316947.71,449800.3,461710.66,0
0,17924.96,320784.28,302859.32,390966.29,408891.25,0
1,11707.0,12784.9,1077.9,97679.48,109386.48,0
3,9392.66,393985.07,384592.4,43374.32,52766.98,0
1,6873.38,451624.05,444750.67,302722.24,309595.62,0
0,18814.93,133707.64,114892.71,28547.38,47362.31,0
1,1746.04,406195.36,404449.32,336412.94,338158.98,0
3,18624.66,41202.99,22578.33,265212.11,283836.77,0
3,16551.62,299983.93,283432.31,331392.87,347944.49,1
1,2685.61,242823.43,240137.83,295085.39,297770.99,0
1,11343.19,272961.77,261618.58,211351.28,222694.47,0
1,17344.3,463102.6,445758.3,100438.59,117782.89,0
0,11479.0,435657.62,424178.62,152851.07,164330.07,0
1,18153.28,392541.83,374388.55,262250.29,280403.56,0
1,18865.38,136849.23,117983.85,325934.05,344799.42,0
1,8505.45,455909.31,447403.86,389741.51,398246.96,1
3,7608.54,48753.85,41145.3,383585.36,391193.9,0
3,18732.79,426664.61,407931.82,486344.37,505077.16,0
0,13535.29,164080.04,150544.75,142920.72,156456.01,0
0,2408.85,26886.16,24477.3,35555.35,37964.21,0
3,941.61,334678.49,333736.89,172828.47,173770.07,0
3,11336.12,115639.96,104303.85,371647.24,382983.36,0
3,18610.4,121785.56,103175.16,219055.83,237666.23,0
1,16900.55,153023.58,136123.03,408894.22,425794.76,0
1,13549.37,31842.38,18293.01,274663.18,288212.55,0
3,2868.41,88563.57,85695.17,464895.86,467764.27,0
1,5159.2,2569.81,0.0,473931.72,479090.93,0
1,17522.67,222704.76,205182.09,34652.25,52174.93,0
0,3737.86,42127.69,38389.82,228206.72,231944.58,0
3,5640.94,341326.3,335685.36,304844.53,310485.47,0
3,2679.05,117811.43,115132.37,127936.27,130615.32,0
1,13554.55,471787.07,458232.52,203538.39,217092.94,0
3,18885.25,435625.81,416740.57,338840.77,357726.02,0
0,5452.46,144720.45,139267.98,113367.11,118819.58,0
0,9560.59,391607.73,382047.14,300990.68,310551.27,0
0,12723.36,401622.45,388899.09,348723.91,361447.27,0
3,19989.38,493281.56,473292.18,45248.16,65237.53,0
3,2185.68,298919.99,296734.31,248764.66,250950.34,0
3,10021.56,40982.87,30961.31,131540.01,141561.57,0
3,7763.89,323418.61,315654.72,362193.18,369957.07,0
3,17329.82,312489.87,295160.05,94777.75,112107.58,0
0,9571.76,319175.29,309603.53,446118.96,455690.72,0
1,2308.45,153572.82,151264.37,215470.67,217779.12,0
0,12725.04,429839.79,417114.75,99001.52,111726.56,0
3,15438.53,479736.09,464297.56,219010.9,234449.43,0
0,157.34,108856.26,108698.92,204371.88,204529.22,0
3,17193.24,44076.08,26882.84,214459.48,231652.72,0
3,3801.86,97267.52,93465.66,292780.65,296582.5,0
0,11086.18,410276.07,399189.89,260586.86,271673.04,0
3,8374.37,338322.32,329947.95,74888.57,83262.94,0
1,14421.11,318023.67,303602.56,32789.54,47210.65,0
3,7486.12,200896.57,193410.45,364707.72,372193.84,0
1,17408.29,288913.99,271505.7,279858.72,297267.01,0
1,14636.88,153937.06,139300.19,179500.38,194137.26,0
3,12989.49,238600.04,225610.55,404178.91,417168.4,0
0,15945.19,396531.51,380586.33,194029.24,209974.42,0
1,15105.06,490620.8,475515.74,397982.54,413087.6,0
0,815.18,466244.46,465429.28,152878.06,153693.24,0
1,7955.21,466932.97,458977.76,36422.65,44377.86,0
3,18623.07,201111.87,182488.8,466319.85,484942.91,0
3,2601.91,234394.94,231793.03,197275.56,199877.48,0
1,14768.22,352817.7,338049.48,396346.29,411114.51,0
3,19494.38,461095.96,441601.59,139572.07,159066.44,0
1,1138.75,70997.13,69858.38,323182.56,324321.31,0
3,13675.66,152120.93,138445.27,436655.44,450331.09,0
0,9416.27,69623.42,60207.15,20822.01,30238.28,0
3,11625.59,306004.26,294378.68,415317.88,426943.47,0
0,1798.29,153150.5,151352.21,285666.5,287464.8,0
3,955.84,163053.93,162098.09,303735.88,304691.72,0
0,13370.65,35457.98,22087.33,261579.0,274949.65,0
3,16483.86,174898.03,158414.17,437237.55,453721.41,0
0,15662.11,431248.25,415586.15,21716.68,37378.78,0
1,10921.73,116536.41,105614.67,130514.2,141435.93,0
1,2087.35,347593.73,345506.38,437881.27,439968.62,1
0,13792.08,314814.17,301022.09,376172.85,389964.94,1
3,4913.59,431742.3,426828.72,8822.58,13736.17,0
0,18230.27,66143.97,47913.71,258503.14,276733.41,0
3,16781.48,488794.98,472013.5,264786.34,281567.82,0
1,14216.72,291314.32,277097.6,200441.07,214657.79,0
3,18982.03,497737.08,478755.04,148696.67,167678.7,0
1,725.29,455757.36,455032.07,340862.43,341587.72,0
3,14750.39,110758.64,96008.25,103895.23,118645.62,0
3,6671.83,28081.0,21409.17,399474.28,406146.11,0
3,18130.71,127819.55,109688.84,401518.58,419649.29,0
0,5406.84,263781.82,258374.99,207630.72,213037.56,0
0,14524.64,85798.18,71273.54,141774.01,156298.65,0
1,17565.18,83729.87,66164.7,141939.09,159504.27,0
1,928.97,231296.77,230367.8,241145.66,242074.63,0
0,8013.19,16633.99,8620.8,359789.61,367802.8,0
1,15269.95,60944.04,45674.09,179434.35,194704.3,0
0,9152.89,207930.67,198777.78,305021.67,314174.56,0
3,5418.33,31564.95,26146.63,191242.23,196660.56,0
1,4474.13,198377.53,193903.4,152261.59,156735.72,0
1,2717.21,237003.13,234285.92,12429.76,15146.97,0
0,17156.88,225633.31,208476.43,1957.05,19113.93,0
1,11549.57,434587.43,423037.86,113603.84,125153.41,0
1,1620.06,265031.23,263411.17,203203.14,204823.2,0
3,7713.35,233990.23,226276.88,425630.58,433343.93,0
1,7417.9,205354.62,197936.72,399242.12,406660.02,0
3,3716.61,408811.69,405095.08,133582.63,137299.24,0
0,8766.6,447528.3,438761.7,122270.22,131036.82,0
1,6708.78,426621.23,419912.46,113661.04,120369.81,0
3,6901.89,336773.29,329871.4,169618.67,176520.56,0
0,14806.63,68680.87,53874.24,249099.36,263905.99,0
1,4542.94,138434.98,133892.04,219333.89,223876.83,0
0,12873.01,23031.53,10158.52,109136.6,122009.61,0
1,11455.93,465412.04,453956.11,65225.7,76681.63,0
0,11405.04,330399.26,318994.22,6288.91,17693.95,0
0,13293.85,373181.44,359887.6,76981.62,90275.47,0
3,11012.8,155785.87,144773.07,352678.19,363690.99,0
0,17597.18,422826.76,405229.58,121819.28,139416.46,0
1,13544.04,129801.64,116257.6,234300.91,247844.95,0
1,10984.57,821.88,0.0,295650.57,306635.14,0
3,16612.29,188207.48,171595.2,443420.45,460032.74,0
1,12162.32,285380.74,273218.42,444427.55,456589.87,0
1,5893.77,239352.43,233458.66,372866.87,378760.64,0
1,4221.19,431038.07,426816.88,17578.5,21799.68,0
0,3131.32,52702.64,49571.32,287535.21,290666.53,0
0,17999.16,276911.72,258912.56,393291.74,411290.89,0
1,14231.7,256489.67,242257.98,8644.02,22875.72,0
3,18753.83,140696.49,121942.66,274842.31,293596.14,0
0,12105.51,411114.06,399008.55,428882.07,440987.58,0
3,9520.68,376424.33,366903.65,237051.04,246571.72,0
1,1288.36,366429.59,365141.24,2053.1,3341.46,0
1,13465.68,438096.24,424630.56,5506.68,18972.36,0
0,11685.95,361392.3,349706.35,208318.02,220003.97,0
1,19805.16,115920.65,96115.49,77504.33,97309.49,0
0,4859.26,352781.36,347922.1,332225.33,337084.59,0
1,10661.67,153851.41,143189.73,354399.63,365061.31,0
1,13054.05,121087.33,108033.27,88939.9,101993.95,0
0,12927.36,36501.8,23574.43,444266.64,457194.01,0
0,11269.74,372014.29,360744.55,220953.92,232223.66,0
0,15560.87,355500.48,339939.61,71422.95,86983.82,0
1,4179.13,117249.74,113070.61,382125.8,386304.93,0
1,14539.98,374689.51,360149.53,394987.25,409527.23,0
3,12432.72,458920.44,446487.72,319647.74,332080.45,0
0,17931.89,54014.48,36082.58,426732.78,444664.67,0
1,16959.17,116318.32,99359.15,368686.49,385645.66,0
1,6371.43,375130.4,368758.97,441102.87,447474.29,0
0,5597.12,137253.34,131656.21,216944.02,222541.15,0
3,19634.9,312331.99,292697.09,373798.56,393433.47,0
0,10592.58,40582.11,29989.54,499875.78,510468.36,0
3,18137.78,226101.24,207963.46,362465.6,380603.38,0
1,3361.23,369545.71,366184.48,57091.89,60453.12,0
3,12892.1,343256.97,330364.88,259159.36,272051.46,0
1,16216.22,407536.05,391319.83,293673.9,309890.11,0
0,18953.17,438726.06,419772.9,87105.34,106058.5,0
0,6813.07,386591.75,379778.68,481445.82,488258.89,0
0,14527.13,335793.87,321266.75,87789.89,102317.01,0
3,10822.38,15861.25,5038.87,88778.96,99601.34,0
1,1306.52,267483.34,266176.82,457583.57,458890.08,0
0,13830.99,18848.86,5017.87,232602.72,246433.71,0
0,13832.92,404033.91,390200.99,31594.14,45427.06,0
1,18619.08,160362.26,141743.19,299093.75,317712.83,0
0,9996.52,281214.69,271218.17,300913.17,310909.69,0
1,4681.99,139722.65,135040.66,32250.38,36932.37,0
1,986.82,391250.07,390263.25,486261.25,487248.07,0
1,8371.28,443251.26,434879.98,272014.98,280386.26,0
1,6108.14,199321.25,193213.1,279897.86,286006.0,0
1,15245.66,431461.2,416215.54,260057.71,275303.36,0
3,7149.93,133537.5,126387.58,305365.89,312515.82,0
0,18986.52,267330.46,248343.94,132149.88,151136.39,0
3,19249.97,429380.71,410130.74,143620.67,162870.65,0
0,12456.08,162940.67,150484.59,255669.54,268125.63,0
3,18580.34,477021.13,458440.79,403342.93,421923.27,0
1,15241.0,60939.75,45698.75,24932.29,40173.29,0
0,10982.51,9137.53,0.0,301702.11,312684.61,0
0,3688.13,452067.68,448379.55,403389.07,407077.2,0
3,9226.1,34324.33,25098.23,78458.64,87684.74,0
3,11261.4,495944.6,484683.2,7511.27,18772.67,0
0,17292.84,475698.43,458405.6,156356.65,173649.48,0
3,9678.53,68510.46,58831.92,294071.85,303750.39,0
3,17963.73,268792.31,250828.59,69141.59,87105.31,0
3,13519.54,92460.15,78940.6,213061.19,226580.73,0
1,2826.28,214077.59,211251.31,276160.75,278987.03,0
1,19900.13,30712.56,10812.44,299441.55,319341.68,0
3,10591.93,111962.29,101370.36,137205.86,147797.79,0
3,7897.98,181636.4,173738.42,200014.82,207912.8,0
1,13216.36,219323.75,206107.39,389169.61,402385.98,0
1,2266.98,488748.13,486481.15,470607.35,472874.32,0
0,12767.12,403932.82,391165.7,430940.17,443707.28,0
0,10014.9,368704.97,358690.08,282141.75,292156.65,0
1,8192.81,268520.66,260327.84,205146.4,213339.22,0
3,19065.1,419998.88,400933.78,166478.31,185543.41,0
3,10498.54,169661.42,159162.88,62478.28,72976.82,0
3,4460.44,354449.56,349989.12,53275.62,57736.06,0
3,9233.37,496891.99,487658.61,344178.81,353412.19,0
0,18395.81,157314.45,138918.65,129897.21,148293.02,0
1,3604.3,337008.77,333404.47,127330.84,130935.14,0
3,4357.75,422157.43,417799.69,499097.53,503455.27,0
0,359.29,457903.79,457544.5,93962.98,94322.27,0
3,382.38,358966.35,358583.96,74029.88,74412.26,0
1,16604.89,141803.96,125199.07,49342.61,65947.51,0
0,14669.24,163141.08,148471.84,289902.67,304571.91,0
1,7165.32,10379.02,3213.7,313931.91,321097.23,0
1,13996.39,380442.99,366446.6,182613.96,196610.36,0
0,7964.6,21369.8,13405.21,267706.67,275671.27,0
0,19062.65,432326.18,413263.53,394199.77,413262.41,0
0,19344.35,59330.31,39985.96,409052.08,428396.43,0
0,7916.6,85938.26,78021.66,478956.04,486872.63,0
0,17099.02,238263.24,221164.22,412133.99,429233.01,0
0,15484.47,368940.21,353455.74,282420.72,297905.19,0
0,6269.0,69501.1,63232.1,89828.48,96097.48,0
3,4717.59,220035.54,215317.94,49881.78,54599.37,0
1,9218.87,241425.64,232206.77,27255.94,36474.81,0
0,15648.84,106142.82,90493.98,333262.92,348911.76,0
3,19207.34,57779.19,38571.85,403768.13,422975.47,0
3,15295.22,418210.46,402915.24,254341.98,269637.2,0
3,17118.62,251232.82,234114.21,27357.09,44475.71,0
1,12100.98,7190.62,0.0,267735.29,279836.27,0
0,16724.62,401490.65,384766.03,467874.63,484599.25,0
3,15709.98,490396.9,474686.93,298806.6,314516.57,0
1,7602.01,302963.1,295361.09,404713.74,412315.76,0
1,11084.61,251854.19,240769.59,400076.32,411160.93,0
1,16114.59,439207.93,423093.34,466064.55,482179.14,0
3,1016.53,476258.39,475241.87,385114.38,386130.91,0
0,16180.78,377268.46,361087.68,373850.26,390031.03,0
3,3639.97,222726.46,219086.49,117051.33,120691.31,0
3,10342.2,296110.7,285768.5,29962.58,40304.78,0
0,16184.68,350467.68,334283.0,258799.73,274984.41,0
0,5151.04,97136.79,91985.75,62217.1,67368.14,0
0,4991.57,223600.52,218608.95,481097.94,486089.51,0
1,8115.01,414910.63,406795.62,144962.38,153077.39,0
0,17903.39,327362.67,309459.28,426472.1,444375.49,0
3,108.81,205602.03,205493.22,193812.31,193921.12,0
0,18037.52,331681.27,313643.74,161597.12,179634.65,0
3,3160.76,59111.21,55950.45,467579.29,470740.05,0
1,19802.72,200748.81,180946.09,181661.29,201464.0,0
3,19101.46,396564.27,377462.81,195143.95,214245.41,0
3,9944.04,110254.39,100310.36,53045.89,62989.93,0
0,10303.13,92980.75,82677.62,335223.33,345526.47,0
0,9682.83,475409.33,465726.5,144419.71,154102.54,0
3,12745.33,104948.81,92203.49,292802.08,305547.41,0
0,1905.36,130459.29,128553.93,295675.85,297581.21,0
1,749.1,484807.97,484058.87,359599.85,360348.94,0
1,1248.29,367354.29,366106.0,372620.74,373869.03,0
0,8942.87,349798.27,340855.4,257226.22,266169.09,0
1,5583.4,426463.19,420879.79,165495.97,171079.38,0
0,12478.59,57911.54,45432.95,418725.45,431204.03,0
3,19849.6,352978.12,333128.52,154932.82,174782.43,0
3,7787.83,251844.3,244056.47,253754.55,261542.38,1
1,11519.44,414575.32,403055.88,200626.29,212145.73,0
0,8370.52,254070.86,245700.34,427539.19,435909.71,0
0,16960.71,310120.68,293159.97,215959.27,232919.97,0
1,18054.5,238871.06,220816.56,193049.59,211104.1,0
3,17559.38,239079.46,221520.09,344911.85,362471.22,0
1,19490.01,383984.99,364494.98,301220.55,320710.56,0
3,647.63,314283.2,313635.57,53623.42,54271.05,0
0,16812.34,316631.6,299819.26,254084.4,270896.74,1
3,15060.27,225141.24,210080.98,367739.19,382799.46,0
1,4651.02,265554.75,260903.73,496037.38,500688.4,0
0,19130.77,372858.83,353728.06,314573.42,333704.19,0
1,3048.74,412970.46,409921.72,185146.53,188195.27,0
1,13623.04,348280.7,334657.66,113075.8,126698.84,0
3,4575.32,462036.49,457461.18,436415.12,440990.43,0
1,8684.47,410162.04,401477.57,407282.61,415967.08,0
3,14411.28,280931.89,266520.61,116961.41,131372.69,0
0,11310.16,335703.04,324392.88,100316.05,111626.21,0
3,8607.29,463154.14,454546.85,357568.39,366175.67,0
0,6594.13,309584.02,302989.89,157476.03,164070.17,0
3,16809.23,412403.47,395594.25,153199.4,170008.63,0
1,2961.91,344405.25,341443.35,76145.12,79107.03,0
3,8659.05,275968.18,267309.13,131987.76,140646.81,0
3,18084.78,120919.1,102834.32,213753.78,231838.55,0
0,16932.41,212998.76,196066.35,366419.17,383351.57,0
1,8078.74,483871.41,475792.67,168154.05,176232.79,0
3,15285.86,328882.69,313596.84,164302.17,179588.03,0
1,16480.9,282197.69,265716.79,142456.63,158937.53,0
3,17788.86,466478.31,448689.45,239141.83,256930.69,0
3,10935.66,293255.89,282320.23,90318.35,101254.01,0
1,4168.77,263041.26,258872.49,242815.37,246984.14,0
3,5180.65,379655.43,374474.78,352087.78,357268.43,0
1,5984.32,356332.81,350348.49,14895.25,20879.58,0
3,11916.67,96580.0,84663.33,4889.69,16806.36,0
0,752.91,235654.14,234901.23,37561.46,38314.37,0
1,12757.25,236257.72,223500.48,267830.03,280587.28,0
3,7350.65,189112.26,181761.61,427227.54,434578.19,0
3,5975.31,258646.74,252671.43,2442.23,8417.54,0
0,17601.98,206553.7,188951.72,468330.65,485932.63,0
1,9254.05,99672.74,90418.7,53139.26,62393.3,0
3,1991.56,206183.24,204191.69,420991.76,422983.32,0
0,16552.26,36138.47,19586.21,241427.38,257979.64,0
3,1048.06,287892.93,286844.87,329678.69,330726.75,0
1,14562.31,426827.27,412264.96,255341.49,269903.8,0
3,15500.73,362643.54,347142.81,238524.11,254024.85,0
3,7116.79,180197.02,173080.23,417449.71,424566.51,0
3,16513.28,43535.6,27022.32,377943.19,394456.47,0
3,10361.62,101074.7,90713.08,241701.12,252062.74,0
0,9319.54,272745.17,263425.63,55817.96,65137.51,0
0,1003.53,103528.54,102525.02,57701.48,58705.0,0
1,5871.58,271986.56,266114.97,400769.73,406641.31,0
0,18627.1,115799.51,97172.41,264695.31,283322.41,0
0,7897.3,424461.93,416564.64,240794.57,248691.87,0
1,10979.34,198635.74,187656.4,340283.42,351262.76,0
0,10687.23,122775.31,112088.08,429420.79,440108.02,0
0,11849.58,406163.09,394313.51,314436.57,326286.15,0
1,1320.49,171419.48,170099.0,381423.95,382744.44,0
1,7307.31,55743.84,48436.54,382635.26,389942.57,0
1,14490.25,285204.75,270714.49,178130.72,192620.98,0
3,4091.15,290782.1,286690.95,137041.6,141132.75,0
3,4151.21,357347.84,353196.63,400582.03,404733.24,0
1,300.8,120109.72,119808.91,188589.4,188890.2,0
1,8805.89,221885.67,213079.78,451668.0,460473.89,0
1,17666.41,141183.96,123517.55,34845.35,52511.76,0
3,1132.83,40476.87,39344.04,29108.76,30241.58,0
3,3903.26,438306.91,434403.65,463502.08,467405.34,0
0,6270.68,364434.9,358164.22,324227.46,330498.14,0
0,14661.32,150731.53,136070.21,189799.68,204461.0,0
1,12848.65,299686.5,286837.85,377530.21,390378.86,0
3,8377.28,100631.89,92254.61,336163.4,344540.69,0
3,15205.47,445118.31,429912.84,265600.52,280806.0,0
3,12231.66,57453.17,45221.51,49436.67,61668.33,0
1,17931.21,1918.57,0.0,406089.79,424021.01,0
0,16378.73,251004.1,234625.37,433011.6,449390.33,0
1,5130.99,291563.91,286432.92,86084.34,91215.34,0
0,5501.63,289482.66,283981.03,425255.83,430757.45,0
0,2594.59,27255.96,24661.37,438923.66,441518.25,0
1,6805.6,157021.9,150216.31,274714.31,281519.9,0
0,19990.92,249599.47,229608.55,328089.52,348080.44,0
0,8174.45,108289.59,100115.14,191118.66,199293.11,0
3,4487.72,436312.94,431825.22,140895.82,145383.54,0
0,15273.41,43554.64,28281.24,360991.57,376264.98,0
1,10895.17,243692.22,232797.05,430937.57,441832.75,0
1,3077.07,345708.03,342630.96,327038.78,330115.85,0
0,7675.72,130875.55,123199.83,255795.31,263471.03,0
3,8347.95,312120.37,303772.42,79462.38,87810.33,0
3,15101.21,414692.58,399591.36,26729.36,41830.57,0
0,511.36,95168.49,94657.13,222845.9,223357.26,0
0,5453.49,458610.3,453156.8,24674.78,30128.27,0
1,10400.17,276779.27,266379.1,284667.32,295067.48,0
0,5450.05,149616.0,144165.95,191364.6,196814.65,0
3,12605.84,215429.14,202823.3,378594.56,391200.4,0
0,9689.16,156095.94,146406.78,152824.25,162513.41,0
1,7298.03,362555.58,355257.55,296491.35,303789.38,0
1,18989.25,398150.33,379161.08,268841.76,287831.01,0
1,12679.97,416468.7,403788.72,2356.21,15036.19,0
1,2685.83,492884.12,490198.29,36194.7,38880.53,0
1,11245.82,395642.15,384396.32,145184.11,156429.93,0
0,15636.56,300692.04,285055.47,441117.54,456754.1,0
0,14198.94,169610.15,155411.2,73507.48,87706.42,0
0,3524.58,272297.72,268773.15,355447.17,358971.74,1
0,19451.16,20534.09,1082.93,486683.28,506134.44,0
1,9031.39,372412.54,363381.15,395283.78,404315.17,0
3,3264.6,222977.77,219713.17,121472.68,124737.28,0
0,3685.9,10011.61,6325.72,454182.63,457868.53,0
3,2054.88,31253.47,29198.59,46553.58,48608.45,0
0,16090.01,193733.23,177643.22,234070.97,250160.98,0
0,2528.41,291710.76,289182.35,443770.95,446299.36,0
3,2589.99,232101.97,229511.98,320632.85,323222.85,0
1,17024.39,309602.16,292577.77,206822.28,223846.67,0
0,6957.62,240147.13,233189.51,146406.43,153364.05,0
0,714.07,330851.92,330137.85,187549.7,188263.77,0
0,1132.72,109563.03,108430.32,254470.89,255603.61,0
3,2929.19,56421.59,53492.4,159521.96,162451.16,0
1,4346.53,298216.98,293870.45,484483.93,488830.46,0
3,13336.41,242344.76,229008.35,466538.83,479875.24,0
3,3230.79,13433.83,10203.03,435335.73,438566.53,0
1,2465.6,190240.94,187775.34,210914.92,213380.52,0
3,15317.91,53062.79,37744.88,345650.88,360968.8,0
1,13454.0,265678.42,252224.42,451414.65,464868.65,0
0,8762.95,197888.84,189125.89,425214.74,433977.7,0
1,11031.26,306575.96,295544.69,207163.51,218194.77,0
0,6308.48,402801.11,396492.63,56193.02,62501.51,0
3,9701.76,149834.34,140132.58,37815.18,47516.94,0
3,10182.79,481051.05,470868.27,288532.02,298714.81,0
0,7806.02,267817.25,260011.23,321313.97,329119.99,0
3,18140.79,309145.4,291004.61,424921.3,443062.09,0
1,419.63,340336.19,339916.56,146257.51,146677.14,0
0,15665.21,333365.76,317700.56,83735.25,99400.45,0
3,2575.22,255485.37,252910.15,189502.92,192078.13,0
0,15971.19,214382.15,198410.95,176787.56,192758.75,0
1,12356.65,26890.98,14534.33,66234.48,78591.12,0
1,16881.23,11042.92,0.0,336141.33,353022.56,0
3,2040.54,178980.6,176940.06,254345.97,256386.51,0
1,11223.71,166830.45,155606.73,360561.38,371785.09,0
0,10071.65,193847.58,183775.93,176345.56,186417.21,0
1,14153.24,69184.1,55030.86,162851.11,177004.35,0
0,10732.38,369084.14,358351.75,236287.93,247020.31,0
0,10860.62,428482.21,417621.59,438703.67,449564.29,0
1,8648.96,469357.32,460708.36,20140.65,28789.61,0
3,6245.81,246181.15,239935.35,402416.41,408662.21,0
1,9697.06,350432.85,340735.79,184493.81,194190.87,0
0,2458.0,427775.56,425317.56,427309.51,429767.51,0
0,19234.12,209145.56,189911.44,401101.5,420335.62,0
1,14316.77,154706.4,140389.62,174380.62,188697.4,0
3,19054.1,468362.28,449308.18,346938.27,365992.36,0
3,4611.87,257838.28,253226.4,79816.38,84428.25,0
0,17598.89,248626.94,231028.06,448140.78,465739.66,0
0,16194.92,89208.05,73013.13,202245.53,218440.45,0
3,13575.33,54077.51,40502.17,227812.81,241388.14,0
1,12538.08,421053.43,408515.35,352879.53,365417.61,0
0,6399.34,307066.59,300667.25,410420.12,416819.46,0
0,16346.57,162912.29,146565.72,118171.37,134517.95,0
3,10080.16,95868.11,85787.95,330675.07,340755.23,0
1,1510.74,277748.64,276237.9,195999.02,197509.76,0
3,6325.98,291959.64,285633.67,184351.46,190677.44,0
1,18712.41,103496.8,84784.39,345012.91,363725.32,0
1,17028.54,425702.87,408674.34,193591.64,210620.17,0
1,19639.92,42132.18,22492.26,173054.25,192694.17,0
0,12597.07,178046.54,165449.47,417944.2,430541.27,0
3,5025.45,340192.21,335166.76,50638.06,55663.51,0
3,3340.02,137060.18,133720.16,337946.31,341286.33,0
1,3819.6,413837.6,410018.0,124362.7,128182.29,0
0,493.93,369933.91,369439.98,7749.12,8243.05,0
0,7874.57,394511.42,386636.85,83382.13,91256.71,0
3,3909.41,59553.27,55643.86,303330.76,307240.18,0
0,8291.94,70273.56,61981.62,354563.6,362855.54,0
0,18706.39,143236.87,124530.48,10528.89,29235.28,0
1,8667.75,259038.58,250370.83,18212.72,26880.47,0
0,17571.89,374008.04,356436.15,451271.06,468842.95,0
1,12149.54,418265.45,406115.9,36652.91,48802.45,0
3,5017.92,352167.66,347149.74,447091.08,452109.0,0
0,7181.51,464298.44,457116.93,114082.96,121264.47,0
3,1770.0,369371.75,367601.76,370008.9,371778.9,0
3,6735.91,153133.94,146398.04,154866.62,161602.53,0
0,13583.06,132540.64,118957.58,429376.01,442959.08,0
0,1535.01,348096.23,346561.21,350227.43,351762.44,0
3,4187.49,96435.28,92247.8,200906.73,205094.22,0
0,7690.68,46357.41,38666.73,38151.23,45841.9,0
1,19642.79,266111.44,246468.65,366350.09,385992.88,0
1,15718.75,410820.78,395102.03,308442.38,324161.13,0
0,14696.39,50689.92,35993.53,1455.86,16152.25,0
3,2412.2,395945.66,393533.46,4709.93,7122.13,0
0,15641.82,405786.0,390144.18,404396.49,420038.3,0
0,15726.85,241137.0,225410.15,129699.87,145426.72,0
3,12061.94,28655.16,16593.21,318066.83,330128.78,0
3,19808.2,87294.93,67486.73,227107.21,246915.41,0
1,6572.55,353713.14,347140.58,431715.01,438287.56,0
3,18831.32,355888.97,337057.65,458480.56,477311.88,0
1,18303.15,449177.64,430874.49,498403.86,516707.01,0
3,328.47,291343.07,291014.61,76842.07,77170.53,0
0,9057.32,62053.68,52996.36,431482.02,440539.34,0
1,19544.37,60707.45,41163.08,133010.69,152555.06,1
1,2152.12,360566.18,358414.06,295407.94,297560.05,0
1,11000.92,91892.33,80891.42,252886.42,263887.33,0
0,19581.25,164192.75,144611.5,8994.07,28575.32,0
0,11154.36,243606.0,232451.64,466385.64,477540.0,0
0,3877.32,12382.44,8505.11,39163.53,43040.85,0
0,11685.45,124409.51,112724.07,344109.46,355794.91,0
0,4168.37,203944.8,199776.44,392503.42,396671.79,0
1,10442.11,139818.16,129376.04,397643.92,408086.04,0
0,1573.44,68185.16,66611.72,67747.26,69320.7,1
1,12149.11,364006.13,351857.02,223784.98,235934.08,0
0,10384.12,406573.83,396189.71,414714.44,425098.56,0
3,14829.21,128739.49,113910.28,151339.61,166168.82,0
1,12650.94,387209.75,374558.81,233874.34,246525.28,0
3,11037.16,192776.78,181739.62,136396.95,147434.11,1
1,13826.6,253342.9,239516.3,231775.71,245602.31,0
3,2964.44,428000.54,425036.09,443918.96,446883.41,0
0,11947.66,374976.84,363029.18,227562.12,239509.77,0
0,3525.0,402558.43,399033.42,277956.01,281481.01,0
0,18517.89,68422.58,49904.69,201988.14,220506.03,0
1,1459.85,34859.71,33399.86,230058.59,231518.44,0
3,8664.46,446702.36,438037.91,7587.1,16251.56,0
0,13946.37,193917.13,179970.76,141872.75,155819.12,0
3,9214.64,143939.84,134725.2,218290.86,227505.5,0
3,1932.7,362348.13,360415.43,316898.49,318831.18,0
0,11112.24,418207.8,407095.56,225025.97,236138.21,0
0,12868.47,431244.81,418376.34,168908.52,181777.0,0
3,14105.47,157998.57,143893.1,194049.37,208154.83,0
0,7527.87,426106.2,418578.33,121146.66,128674.53,0
0,11316.83,20466.97,9150.14,462247.14,473563.97,0
0,9068.66,24830.75,15762.08,260871.61,269940.27,0
1,13473.92,311759.6,298285.68,6704.73,20178.64,0
3,11712.78,31553.18,19840.4,9723.13,21435.91,0
3,10562.55,162304.58,151742.04,486480.82,497043.37,0
1,5065.53,336377.99,331312.46,110725.45,115790.98,0
3,140.17,168633.45,168493.28,402804.14,402944.31,0
0,3564.23,89799.89,86235.67,29137.65,32701.88,0
3,2429.61,140675.31,138245.7,460581.37,463010.98,0
0,9036.79,228787.67,219750.88,437208.5,446245.29,0
1,12283.94,237692.93,225408.99,285546.58,297830.52,0
0,4340.39,391500.12,387159.72,4499.33,8839.72,0
3,18787.24,375076.61,356289.38,128905.44,147692.67,0
3,232.97,228408.9,228175.93,203411.32,203644.3,0
3,15468.79,422833.67,407364.88,230032.06,245500.85,0
1,12541.57,57118.57,44576.99,148839.38,161380.95,0
1,7533.74,127676.68,120142.93,16473.93,24007.67,0
3,1104.73,413988.23,412883.5,295063.7,296168.43,0
0,12586.98,188997.02,176410.04,262077.33,274664.32,0
1,7773.71,490590.78,482817.07,141500.32,149274.03,0
3,18731.72,233126.64,214394.92,18987.98,37719.7,0
3,10885.6,395967.81,385082.21,497297.09,508182.7,0
1,18799.07,201153.52,182354.46,240993.09,259792.16,0
1,4487.63,212476.76,207989.13,378002.12,382489.75,0
1,14541.95,191441.57,176899.63,226157.02,240698.96,0
0,12383.26,359537.81,347154.55,21585.15,33968.4,0
0,14814.22,273758.94,258944.72,154800.37,169614.6,0
3,4371.89,471889.06,467517.17,160055.07,164426.96,0
1,13333.39,125445.16,112111.77,419176.45,432509.84,0
0,10011.0,50281.37,40270.36,327114.99,337125.99,0
1,14882.22,196630.74,181748.53,137714.95,152597.17,0
3,6608.19,308356.35,301748.17,483869.98,490478.17,0
0,17812.13,430399.47,412587.33,160770.92,178583.05,0
0,1777.6,173098.44,171320.85,499117.01,500894.61,0
0,16163.07,326893.38,310730.31,498081.85,514244.91,0
3,17240.26,175099.34,157859.08,95605.26,112845.52,0
1,16363.32,308609.79,292246.47,156370.56,172733.88,0
0,10303.26,442403.97,432100.72,243022.1,253325.35,0
3,8823.86,115678.82,106854.96,332050.34,340874.2,0
1,19925.62,202120.82,182195.2,264023.72,283949.34,0
3,4660.52,496632.6,491972.08,484720.73,489381.26,0
1,10982.83,434278.51,423295.68,361994.58,372977.41,0
3,13446.44,282319.93,268873.49,106022.42,119468.87,0
1,14047.27,258313.8,244266.53,52548.78,66596.04,0
0,4160.09,142300.19,138140.1,344200.65,348360.74,0
1,13114.48,258604.71,245490.23,79226.22,92340.7,0
3,16385.55,424090.75,407705.19,393838.42,410223.97,0
3,1095.37,342587.26,341491.89,155518.33,156613.7,0
1,18239.27,145022.01,126782.74,163446.63,181685.91,0
0,687.13,100731.96,100044.83,5399.2,6086.33,0
0,7183.82,132604.27,125420.44,350505.63,357689.46,0
1,414.68,84879.6,84464.92,56634.88,57049.56,0
1,1635.19,47820.35,46185.16,386440.29,388075.48,0
3,18232.25,209568.09,191335.84,245933.91,264166.16,0
0,7161.73,56649.8,49488.07,392139.91,399301.64,0
1,8552.95,85956.28,77403.33,291963.27,300516.22,0
0,4385.35,273662.34,269276.99,41216.64,45601.99,0
1,11982.21,82299.64,70317.43,382826.17,394808.37,0
1,11936.58,31939.88,20003.3,34899.74,46836.33,0
0,7506.79,158694.43,151187.64,239350.86,246857.65,0
1,6727.39,110159.55,103432.16,86174.61,92902.0,0
1,17710.79,257652.59,239941.8,376167.59,393878.38,0
3,7727.36,51183.54,43456.19,455795.61,463522.97,0
1,9920.67,375885.39,365964.72,277063.08,286983.75,0
1,5737.76,453116.76,447378.99,263573.65,269311.41,0
1,15756.71,371717.59,355960.87,381981.6,397738.31,0
3,8009.22,266413.52,258404.3,2539.41,10548.62,0
0,10320.86,430333.91,420013.05,458879.32,469200.18,0
3,5141.81,347459.19,342317.38,98724.41,103866.22,0
3,19754.43,5275.56,0.0,492059.44,511813.87,0
0,5900.77,197045.08,191144.31,368126.97,374027.74,0
3,15437.78,425475.95,410038.17,387125.57,402563.35,0
0,8607.16,172929.43,164322.27,328101.49,336708.65,0
3,4203.73,17607.59,13403.86,235831.59,240035.32,0
0,16014.4,373089.82,357075.42,285813.85,301828.25,0
1,6738.78,401019.14,394280.36,23201.44,29940.22,0
3,17317.35,80296.85,62979.5,311979.75,329297.1,0
3,18313.62,268670.25,250356.63,313049.05,331362.67,0
3,17210.49,95977.72,78767.23,445600.4,462810.89,0
3,796.66,359617.21,358820.55,252828.18,253624.84,0
1,15768.73,135775.23,120006.5,38572.19,54340.92,0
3,8285.66,158107.56,149821.91,153097.96,161383.62,0
1,17487.09,422485.43,404998.34,327814.71,345301.79,0
1,12795.29,238161.18,225365.89,119629.43,132424.72,0
1,16689.5,334877.23,318187.73,140263.91,156953.41,0
1,10038.69,201186.53,191147.83,410234.51,420273.2,0
0,10747.01,149003.43,138256.42,292159.87,302906.87,0
0,2973.31,312739.03,309765.72,254263.72,257237.03,0
3,15701.35,77428.79,61727.44,159225.98,174927.33,0
0,8445.85,186499.92,178054.06,365464.02,373909.87,0
0,10051.59,104518.52,94466.92,143859.22,153910.81,0
3,15723.44,347897.48,332174.04,368531.76,384255.2,0
3,12017.02,472104.42,460087.4,35050.74,47067.76,0
3,4101.86,497755.48,493653.62,432270.67,436372.54,0
0,11845.63,225138.41,213292.78,249783.23,261628.86,0
0,8211.89,126265.19,118053.3,219254.01,227465.9,0
3,9443.56,221414.69,211971.13,305511.71,314955.26,0
1,663.39,423634.7,422971.31,312096.04,312759.43,0
3,4279.58,103002.84,98723.26,66017.59,70297.17,0
1,5692.66,476047.83,470355.17,378116.79,383809.45,0
1,14287.9,170932.88,156644.98,137964.15,152252.05,0
3,328.7,492901.83,492573.13,452480.94,452809.64,0
3,8234.67,419304.44,411069.78,408925.33,417160.0,0
3,18488.13,404285.27,385797.13,173133.02,191621.16,0
0,2326.42,158952.34,156625.91,403869.65,406196.07,0
1,10376.85,4388.61,0.0,178195.25,188572.09,0
0,15751.8,191066.45,175314.66,50473.84,66225.64,0
0,18856.37,150904.68,132048.31,480944.12,499800.49,0
3,14960.86,18698.5,3737.64,326301.01,341261.86,0
0,14439.25,252682.63,238243.37,228049.76,242489.02,0
3,16547.11,201515.66,184968.54,198886.68,215433.79,0
1,8979.4,317278.23,308298.83,162352.67,171332.07,0
3,16136.31,310593.16,294456.85,490723.8,506860.1,0
0,258.49,60373.32,60114.83,67373.63,67632.12,0
0,18498.77,488482.77,469984.01,157402.53,175901.29,0
3,8921.8,93465.71,84543.92,242748.82,251670.62,0
3,11112.27,222637.01,211524.75,238999.77,250112.04,0
0,5172.16,244058.77,238886.61,235683.24,240855.4,1
1,14876.36,406531.4,391655.04,87891.91,102768.27,0
1,1625.05,49614.8,47989.75,72466.26,74091.32,0
3,17465.45,214322.14,196856.69,127383.79,144849.25,1
1,16579.52,314251.09,297671.56,457263.08,473842.6,0
0,4399.6,107577.81,103178.21,56526.48,60926.08,0
3,16205.56,313733.95,297528.39,378712.55,394918.11,0
0,15748.52,461832.42,446083.9,378774.2,394522.72,0
0,12681.11,498759.07,486077.96,404885.2,417566.31,0
1,7533.05,16225.54,8692.49,443307.74,450840.8,0
3,5502.83,117794.11,112291.29,131518.09,137020.91,0
3,4712.49,155153.56,150441.06,112279.73,116992.23,0
1,6440.32,199563.05,193122.73,232752.83,239193.15,0
0,18080.81,121128.58,103047.77,132544.58,150625.4,0
0,1645.05,101744.0,100098.95,367154.99,368800.05,0
0,16594.54,477276.92,460682.38,317969.79,334564.33,0
0,7042.91,459260.8,452217.89,437493.84,444536.76,0
3,10479.83,23496.25,13016.42,41369.15,51848.98,0
3,15910.26,169406.51,153496.25,457541.67,473451.93,0
1,17699.09,202574.28,184875.18,146674.31,164373.41,0
1,6961.15,119507.27,112546.12,245347.17,252308.32,0
3,9290.69,314436.45,305145.76,219305.72,228596.4,0
3,8348.87,320190.37,311841.5,380155.83,388504.7,0
0,363.7,425252.11,424888.42,210166.65,210530.35,0
0,5989.26,370434.63,364445.37,471776.57,477765.84,0
1,9237.87,271286.66,262048.8,451266.94,460504.81,0
3,8280.76,326793.39,318512.62,436080.58,444361.34,0
1,14466.39,136994.39,122528.0,35629.17,50095.56,0
3,7757.59,296528.09,288770.5,427129.03,434886.62,0
0,9838.59,244613.63,234775.04,390817.72,400656.31,0
1,8649.21,66672.23,58023.02,51756.47,60405.68,0
1,14838.46,121272.14,106433.68,53707.16,68545.62,0
3,17273.15,145846.73,128573.57,50581.91,67855.06,0
0,10684.59,462154.78,451470.19,5666.3,16350.89,0
1,15809.7,115193.32,99383.62,274317.15,290126.85,0
0,6006.05,144621.95,138615.9,486697.15,492703.2,0
1,10873.26,184677.07,173803.81,219342.35,230215.61,0
0,6970.08,331871.37,324901.29,270378.75,277348.83,0
3,8342.6,59119.2,50776.6,483984.9,492327.5,0
1,14675.04,476972.61,462297.57,127591.11,142266.15,0
1,17645.08,432785.61,415140.53,429235.13,446880.21,0
0,2517.76,288608.04,286090.28,273195.23,275712.99,0
0,12729.32,337018.93,324289.61,284738.26,297467.58,0
1,11684.66,8330.24,0.0,171586.93,183271.59,0
3,2456.46,169472.39,167015.93,280792.18,283248.64,0
0,4316.7,397830.12,393513.42,36571.25,40887.95,0
0,6288.95,38741.49,32452.54,382321.79,388610.74,0
0,3421.93,141156.92,137734.99,142343.88,145765.81,0
1,4950.22,292648.41,287698.2,443804.16,448754.38,0
1,5425.26,128206.51,122781.26,183925.35,189350.6,0
1,6779.91,466988.99,460209.08,71412.06,78191.96,0
1,15012.87,65529.32,50516.45,347940.79,362953.66,0
3,11481.05,398697.18,387216.13,82289.07,93770.13,0
3,19726.31,253974.35,234248.04,376840.26,396566.57,0
1,8353.24,375165.39,366812.14,484056.12,492409.36,0
3,15101.91,155357.66,140255.75,389776.43,404878.35,0
0,17442.22,257244.8,239802.58,11224.62,28666.85,0
0,13611.67,428417.67,414806.0,299942.89,313554.57,0
0,8296.11,233439.05,225142.94,347705.34,356001.44,0
1,15096.53,179859.93,164763.4,412729.16,427825.7,0
0,4152.98,268077.69,263924.72,28001.15,32154.13,0
3,6618.29,358681.38,352063.09,240053.91,246672.2,0
1,10979.04,221781.67,210802.64,267685.44,278664.47,0
3,11550.65,469438.49,457887.84,84562.43,96113.08,0
0,540.62,147472.91,146932.3,161224.9,161765.52,0
0,18907.77,237731.8,218824.03,220110.86,239018.64,0
0,13962.88,378463.83,364500.95,416604.84,430567.73,0
1,9964.5,344560.55,334596.04,464703.78,474668.29,0
3,18669.23,431820.53,413151.29,314211.41,332880.65,0
1,8838.0,498404.59,489566.59,197472.59,206310.59,0
1,19610.67,213429.16,193818.5,127015.51,146626.18,0
0,10294.47,55575.44,45280.97,491067.59,501362.06,0
1,2374.29,15207.94,12833.65,491510.0,493884.29,1
1,15319.54,363438.45,348118.91,462488.47,477808.01,0
0,13610.06,437006.84,423396.77,392834.57,406444.64,0
1,15482.44,110356.29,94873.86,162889.77,178372.21,0
0,19033.7,79224.02,60190.32,408500.24,427533.94,0
0,15552.14,31102.55,15550.41,204396.51,219948.65,0
0,12265.6,411351.46,399085.86,163386.55,175652.15,0
0,17160.45,155690.97,138530.52,372432.68,389593.13,0
1,13497.6,200848.45,187350.84,39826.96,53324.57,0
0,8221.57,251375.1,243153.53,24281.36,32502.93,0
0,17723.83,419726.62,402002.78,223976.85,241700.68,0
1,4515.82,325416.61,320900.79,222819.4,227335.22,0
1,14321.36,307532.31,293210.95,447822.08,462143.44,0
3,17643.11,87836.05,70192.94,63076.55,80719.66,0
1,14653.2,256594.95,241941.75,61641.96,76295.16,0
1,13975.78,357690.51,343714.73,73726.3,87702.08,0
3,15077.5,486630.44,471552.94,14868.13,29945.63,0
1,9354.6,100703.15,91348.56,35865.87,45220.47,0
1,17496.0,4771.68,0.0,329934.93,347430.93,0
1,4148.39,37650.72,33502.33,215792.16,219940.55,0
1,2634.99,187926.23,185291.24,381801.53,384436.52,0
3,5781.62,410272.32,404490.7,496298.86,502080.48,1
1,10678.39,3571.04,0.0,329517.34,340195.73,0
1,10260.18,228365.3,218105.12,25227.79,35487.97,0
3,16429.92,164615.31,148185.39,52281.43,68711.35,0
0,8150.92,26240.86,18089.94,440502.04,448652.96,0
3,9738.45,225118.14,215379.69,263747.97,273486.43,0
0,366.02,127374.35,127008.34,412418.58,412784.6,0
3,8253.81,175942.42,167688.61,428306.17,436559.98,0
3,12990.71,352807.65,339816.95,463837.27,476827.98,0
1,408.62,260775.49,260366.88,474914.6,475323.22,0
0,5689.55,62323.71,56634.16,277412.9,283102.45,0
1,4238.33,480707.27,476468.94,170510.09,174748.42,0
0,935.51,317955.38,317019.87,480932.44,481867.95,0
3,9637.28,382934.21,373296.94,273703.2,283340.48,0
3,3716.29,39606.58,35890.28,32126.36,35842.66,0
0,14887.32,23529.19,8641.87,321388.28,336275.6,0
1,16973.76,9724.03,0.0,293842.38,310816.14,0
1,10957.15,94397.01,83439.87,447896.44,458853.58,0
1,19635.98,207204.2,187568.22,326593.59,346229.57,0
1,9064.52,467913.07,458848.54,174526.21,183590.74,0
3,10316.03,228529.83,218213.8,483112.86,493428.89,0
3,19785.43,145127.55,125342.12,400809.74,420595.18,0
3,4707.81,280967.63,276259.81,315208.81,319916.62,0
3,18856.66,55967.29,37110.62,146462.6,165319.27,0
3,952.47,304752.95,303800.48,186770.15,187722.62,0
1,8983.1,284215.98,275232.88,334984.96,343968.06,0
1,1493.07,395996.52,394503.45,35990.41,37483.48,0
1,14611.77,493343.81,478732.03,128340.3,142952.07,0
1,12207.34,125436.74,113229.4,356950.47,369157.8,0
3,14162.02,254828.23,240666.2,240009.25,254171.28,0
3,7552.16,454432.7,446880.54,201196.78,208748.94,0
3,7452.69,392594.94,385142.25,75728.81,83181.5,0
0,1001.85,243703.15,242701.3,220924.52,221926.37,0
1,7063.9,472685.82,465621.92,385345.99,392409.89,0
1,18592.84,28618.35,10025.51,132006.42,150599.26,0
3,7646.61,465499.31,457852.7,2699.27,10345.88,0
1,16644.22,25253.7,8609.48,334252.45,350896.67,0
1,16862.28,273652.37,256790.09,486313.3,503175.58,0
3,7527.5,445220.47,437692.97,303413.28,310940.78,0
0,12676.57,131360.47,118683.9,59960.93,72637.5,0
0,1997.89,236124.25,234126.35,160366.55,162364.44,0
0,2163.2,162164.44,160001.24,433820.81,435984.01,0
3,1068.29,476071.96,475003.67,116284.04,117352.32,0
1,11662.2,411822.8,400160.6,303847.95,315510.15,0
3,8578.81,354500.76,345921.94,201335.6,209914.42,1
3,11005.84,293813.49,282807.65,103921.86,114927.7,0
